"","participant_id","age","gender","race","country","Item1","Item2","Item3","Item4","Item5","Item6","Item7","Item8","Item9","Item10","Item11","Item12","Item13","Item14","Item15","Item16","Item17","Item18","Item19","Item20","Item21","Item22","Item23","Item24","Item25","Item26","Item27","Item28","Item29","Item30","Item31","Item32","Item33","Item34","Item35","Item36","Item37","Item38","Item39","Item40","Item41","Item42","Item43","Item44","Item45","Item46","Item47","Item48","Item49","Item50","Item51","Item52","Item53","Item54","Item55","Item56","Item57","Item58","Item59","Item60","Item61","Item62","Item63","Item64","Item65","Item66","Item67","Item68","Item69","Item70","Item71","Item72","Item73","Item74","Item75","Item76","Item77","Item78","Item79","Item80","Item81","Item82","Item83","Item84","Item85","Item86","Item87","Item88","Item89","Item90","Item91","Item92","Item93","Item94","Item95","Item96","Item97","Item98","Item99","Item100"
"1","00001",52,"M","White","Japan",1,2,NA,2,2,1,3,3,1,2,2,2,2,2,1,2,2,1,2,2,1,2,2,NA,NA,3,2,3,NA,1,1,1,2,2,1,NA,2,NA,2,1,2,3,NA,1,2,2,2,2,2,2,1,2,2,2,2,NA,3,1,2,2,3,3,2,1,2,2,1,1,NA,NA,2,1,2,NA,2,NA,2,1,1,2,2,NA,3,2,2,2,1,3,1,2,NA,2,3,2,1,1,1,3,NA,2
"2","00002",18,"M","Asian","USA",2,2,3,3,2,2,3,3,3,3,3,3,NA,3,2,NA,3,2,2,3,2,3,3,2,2,3,2,3,3,2,1,2,3,2,2,2,2,NA,3,2,3,4,2,2,NA,3,NA,2,2,NA,2,3,NA,2,3,3,3,NA,2,2,3,NA,2,NA,3,3,2,2,3,2,3,NA,2,2,3,NA,2,NA,1,3,3,2,4,3,2,3,2,2,NA,3,NA,3,3,3,NA,2,3,3,3,3
"3","00003",27,"F","Asian","China",NA,NA,3,3,3,3,3,3,4,3,3,4,2,4,3,4,3,3,3,NA,3,3,3,2,3,4,3,NA,4,2,2,3,NA,NA,NA,3,3,3,3,2,3,5,3,2,NA,3,3,2,3,NA,3,NA,3,2,NA,3,4,3,2,2,4,4,NA,3,3,3,3,3,3,3,3,2,3,3,2,2,2,3,2,3,NA,NA,4,3,4,3,2,3,2,NA,3,4,3,3,3,2,3,3,3,NA
"4","00004",18,"M","Black","UK",2,3,2,3,NA,3,3,3,NA,3,2,2,3,3,3,NA,3,2,2,3,3,3,NA,3,NA,NA,3,NA,3,3,3,2,3,2,2,2,2,NA,3,NA,3,3,3,2,3,3,2,3,3,2,3,3,3,3,3,2,3,3,2,2,3,3,2,3,3,NA,2,NA,3,3,3,2,3,3,2,NA,2,3,2,3,2,3,3,2,3,2,3,3,3,3,NA,3,2,NA,2,2,3,3,3,3
"5","00005",30,"F","Asian","USA",2,NA,2,3,NA,2,3,3,3,3,2,3,2,3,2,NA,2,3,2,3,NA,3,2,NA,2,3,NA,4,2,NA,2,3,3,3,2,2,2,2,2,2,2,3,2,2,2,3,2,2,2,3,2,3,NA,NA,3,3,2,2,2,2,3,3,2,2,2,NA,NA,2,NA,2,3,2,2,2,3,NA,1,3,1,2,2,1,3,3,3,3,2,2,3,3,2,3,2,NA,2,1,1,3,3,3
"6","00006",45,"M","White","USA",3,4,3,NA,4,4,5,3,4,3,4,4,3,4,3,4,3,4,NA,NA,3,3,3,3,NA,3,4,3,4,3,4,4,4,4,NA,NA,4,NA,4,4,4,4,3,NA,3,4,4,4,3,4,3,4,3,3,3,4,4,4,4,5,4,NA,3,4,3,3,3,NA,3,4,4,4,3,5,3,4,4,NA,4,4,4,3,4,4,4,5,3,NA,4,3,3,4,5,5,2,4,4,5,NA,4
"7","00007",27,"F","White","USA",3,3,NA,4,3,3,3,NA,4,3,NA,4,3,NA,3,NA,3,3,3,4,3,4,3,2,3,4,4,3,3,NA,NA,4,4,3,4,3,4,NA,4,3,3,4,3,3,3,4,3,3,3,3,3,3,3,3,3,NA,4,4,3,4,4,4,3,3,4,3,3,4,4,2,2,3,3,3,4,4,3,4,3,3,3,NA,4,4,3,4,3,2,3,4,NA,5,3,4,3,3,4,4,4,NA
"8","00008",24,"M","Black","USA",2,3,3,4,3,NA,3,3,3,2,3,3,2,3,3,3,3,3,2,2,2,3,NA,NA,2,3,3,2,3,3,3,3,3,3,3,2,3,2,3,3,3,3,NA,3,2,3,3,2,2,NA,3,3,NA,3,NA,3,3,3,3,4,NA,3,3,2,3,2,3,2,3,3,3,3,3,3,3,3,2,3,3,2,2,2,3,3,3,3,NA,2,3,NA,2,4,2,2,NA,NA,NA,NA,NA,3
"9","00009",37,"F","White","China",NA,4,4,5,4,3,NA,NA,NA,3,4,NA,NA,5,4,5,4,4,3,4,4,4,4,3,4,4,4,4,4,3,4,4,5,4,4,3,5,4,4,4,4,4,4,4,4,4,3,4,3,4,3,4,3,3,4,5,5,NA,4,4,4,4,3,4,4,4,3,4,4,4,4,4,4,4,NA,4,3,5,NA,NA,4,NA,4,4,5,4,4,3,4,NA,NA,5,NA,4,3,3,4,3,4,NA
"10","00010",50,"F","White","South Africa",NA,2,3,NA,2,2,3,1,3,2,2,NA,NA,3,3,3,2,3,2,3,2,3,2,2,2,NA,2,2,2,2,2,3,4,NA,2,2,2,2,2,3,2,3,1,2,NA,NA,2,2,2,2,2,3,2,2,NA,NA,3,3,3,3,3,3,2,2,2,NA,2,3,NA,NA,2,3,2,2,NA,3,1,2,2,2,2,1,NA,2,2,4,3,2,2,3,3,3,2,3,2,2,1,3,NA,2
"11","00011",18,"F","White","South Africa",3,3,3,4,3,NA,3,3,3,NA,NA,2,3,3,3,3,3,3,2,3,3,3,3,3,NA,3,2,NA,3,2,3,3,4,3,3,3,3,3,4,3,NA,4,3,4,3,NA,3,3,3,3,3,4,3,3,3,3,4,3,3,NA,3,3,2,3,NA,NA,3,3,3,3,3,3,NA,4,3,3,NA,3,3,3,3,3,3,3,3,3,4,3,3,NA,2,4,4,3,NA,3,3,4,3,4
"12","00012",33,"F","Other","USA",5,4,3,5,3,NA,3,4,3,4,3,NA,5,4,3,3,4,3,4,4,4,4,4,NA,4,3,4,4,5,4,4,4,3,3,4,NA,4,3,NA,3,3,4,NA,4,NA,4,4,4,NA,4,4,4,4,4,4,NA,3,3,4,NA,3,4,4,4,4,4,4,4,5,4,NA,4,NA,4,3,4,4,5,4,4,4,4,4,4,4,3,3,NA,NA,4,4,3,4,4,4,4,4,3,4,4
"13","00013",29,"F","White","Brazil",4,3,3,3,3,4,3,NA,NA,3,NA,NA,3,NA,3,3,3,3,4,3,4,3,4,4,3,3,3,NA,4,3,3,3,3,3,3,4,2,3,4,NA,4,4,3,NA,4,3,2,3,3,3,4,3,3,3,4,3,4,3,3,NA,3,3,3,3,4,3,NA,3,3,3,4,4,4,3,3,3,3,4,3,3,4,3,3,4,NA,NA,2,4,4,3,3,3,4,3,4,NA,3,3,4,3
"14","00014",18,"F","Other","USA",4,3,2,3,3,3,NA,NA,3,3,3,3,NA,3,3,3,3,3,3,3,2,3,NA,3,4,2,NA,4,4,3,NA,3,NA,4,3,3,3,4,3,3,4,4,3,3,NA,3,NA,3,3,4,3,4,3,3,3,NA,3,3,3,3,NA,3,3,3,3,NA,3,3,NA,3,NA,4,3,3,3,3,3,NA,3,4,4,3,3,NA,NA,3,3,3,4,3,3,NA,4,3,3,NA,4,3,3,NA
"15","00015",28,"F","White","Canada",4,3,3,3,3,3,4,3,4,3,4,4,3,4,3,NA,NA,4,3,4,3,3,3,3,4,NA,NA,NA,3,4,3,3,4,4,4,NA,3,4,4,3,3,4,NA,4,3,4,3,NA,3,3,NA,NA,3,3,3,4,4,4,4,4,4,4,3,3,3,3,3,NA,3,3,3,4,4,4,4,4,3,4,3,3,4,NA,4,4,4,5,4,2,3,3,4,4,NA,4,NA,4,4,NA,3,4
"16","00016",27,"M","White","Canada",2,2,2,3,2,2,3,NA,2,2,2,2,NA,2,2,NA,2,2,2,NA,2,2,NA,NA,2,2,2,2,2,1,2,2,3,2,2,2,2,3,3,2,3,3,NA,2,2,3,2,2,2,NA,2,3,NA,2,2,2,NA,NA,2,2,3,2,2,2,2,2,2,2,2,2,2,NA,2,3,2,2,NA,2,1,2,3,1,2,3,2,3,2,3,2,2,2,NA,3,3,2,2,3,NA,2,2
"17","00017",49,"F","White","Canada",3,3,2,4,3,3,NA,3,3,3,3,2,3,3,3,3,3,3,2,3,2,3,3,3,NA,3,3,3,3,3,NA,3,3,2,3,3,3,3,4,3,4,3,3,4,3,3,3,3,3,3,3,3,3,3,3,4,4,3,NA,4,3,3,2,3,3,3,NA,3,3,4,3,4,3,4,NA,4,3,NA,NA,4,3,2,NA,3,4,3,4,3,NA,3,3,NA,3,4,3,3,3,4,2,3
"18","00018",34,"M","White","Canada",3,3,3,2,3,NA,3,3,3,3,2,3,3,3,3,NA,3,3,2,NA,3,3,3,3,3,3,3,3,3,NA,3,3,3,2,NA,NA,3,NA,3,2,3,3,3,NA,3,NA,3,3,3,3,3,3,3,4,3,3,2,3,3,3,3,NA,3,3,3,3,3,3,3,3,3,3,NA,3,3,3,3,3,2,3,3,3,3,3,3,NA,2,3,3,2,3,NA,3,NA,3,NA,NA,2,3,NA
"19","00019",22,"M","White","Brazil",3,3,3,4,NA,4,3,3,NA,4,4,4,4,4,3,3,4,4,4,NA,NA,4,3,3,3,3,4,3,3,NA,4,4,4,3,3,3,4,3,4,4,3,NA,NA,4,NA,3,NA,3,3,3,NA,NA,3,4,3,4,3,NA,3,3,4,3,4,4,4,3,4,3,4,3,4,4,4,4,4,4,4,4,NA,3,3,4,3,4,4,3,4,3,4,3,4,4,4,4,3,3,NA,3,NA,4
"20","00020",39,"M","Asian","Germany",2,3,NA,4,3,NA,NA,3,4,3,NA,4,2,NA,3,4,3,4,NA,5,NA,4,3,2,3,3,3,NA,4,2,3,4,5,NA,NA,3,4,4,3,3,3,NA,3,3,3,4,3,3,2,NA,2,4,3,2,3,4,5,NA,3,4,4,4,3,NA,3,3,3,NA,3,3,4,3,3,4,3,3,2,3,3,NA,NA,2,4,NA,4,NA,NA,2,3,3,NA,NA,4,4,3,NA,3,4,3,3
"21","00021",51,"F","Hispanic","UK",3,3,NA,4,3,NA,3,4,3,3,NA,3,3,3,3,3,3,3,4,3,3,3,3,3,3,NA,3,NA,NA,NA,3,3,3,3,3,3,3,3,3,3,3,4,NA,3,3,3,NA,3,3,NA,3,3,3,2,4,4,3,3,3,2,4,3,3,3,3,3,3,3,4,2,3,3,3,3,3,NA,4,3,3,3,NA,3,4,3,3,NA,3,3,3,3,4,3,NA,3,3,3,3,NA,3,3
"22","00022",46,"F","Hispanic","Canada",NA,4,3,NA,3,4,4,3,4,4,3,NA,4,4,4,3,4,3,4,NA,3,4,4,3,4,4,4,4,3,4,4,4,4,4,NA,3,NA,3,4,3,NA,4,4,4,4,4,3,4,4,3,5,3,4,4,4,4,3,3,4,3,4,4,3,3,4,4,4,4,NA,3,4,3,4,3,4,4,4,4,4,NA,3,3,4,4,4,4,4,3,3,4,NA,4,4,NA,3,3,4,3,4,4
"23","00023",50,"M","White","Brazil",3,2,2,3,2,2,2,3,3,2,NA,2,2,2,NA,NA,2,2,2,2,3,3,2,2,2,2,2,2,NA,2,2,2,3,3,2,2,3,3,2,2,3,NA,2,3,2,3,2,2,2,NA,2,NA,2,2,3,NA,3,2,2,2,3,3,2,2,2,2,2,2,NA,2,2,2,3,3,2,2,NA,2,2,2,2,2,3,3,2,3,2,NA,3,2,2,3,3,3,2,2,3,3,NA,3
"24","00024",29,"F","White","USA",3,3,NA,3,3,3,NA,2,NA,2,3,2,3,3,2,2,2,3,2,2,2,2,3,2,2,2,3,3,NA,NA,3,NA,3,3,3,3,3,3,NA,3,3,4,2,3,NA,NA,NA,3,2,3,2,3,2,2,NA,3,NA,NA,3,4,3,3,2,NA,3,3,NA,NA,NA,3,3,3,3,NA,NA,NA,3,3,3,3,3,NA,3,3,3,3,2,3,3,2,2,3,3,3,2,3,3,4,2,3
"25","00025",51,"F","Asian","Brazil",3,NA,3,4,3,3,4,3,NA,NA,4,4,2,NA,4,4,3,3,3,4,3,4,3,2,3,4,4,3,4,3,3,NA,NA,NA,4,3,4,NA,NA,3,3,4,3,4,3,3,3,3,3,4,3,3,3,2,3,4,NA,3,4,3,4,NA,3,NA,3,3,3,4,3,3,2,4,3,3,4,NA,3,NA,2,3,3,3,4,4,NA,5,3,2,3,NA,3,NA,4,3,NA,3,4,4,3,4
"26","00026",37,"F","Hispanic","Brazil",NA,NA,NA,2,2,2,NA,NA,2,3,3,2,2,NA,2,2,NA,NA,3,NA,2,NA,2,2,2,NA,2,2,2,2,2,2,3,3,2,2,2,2,NA,2,NA,NA,2,3,2,3,3,2,2,2,2,3,2,NA,2,NA,2,2,NA,NA,2,NA,2,2,2,2,2,2,3,2,2,NA,2,2,2,2,NA,NA,1,2,2,NA,NA,2,2,NA,NA,2,2,2,2,NA,2,2,2,2,3,3,2,3
"27","00027",47,"F","White","India",2,3,3,4,NA,3,4,2,NA,3,4,4,2,3,3,4,2,4,2,4,2,NA,3,2,2,4,3,3,NA,3,3,3,4,3,4,2,3,3,3,NA,3,3,2,3,NA,3,4,3,2,3,2,3,3,NA,2,4,4,NA,3,NA,4,4,3,3,NA,3,2,3,3,3,NA,3,3,4,4,3,2,3,3,3,3,2,3,4,4,4,NA,1,4,3,3,4,3,4,NA,2,3,4,2,4
"28","00028",18,"F","White","Brazil",3,NA,3,4,3,3,NA,3,4,NA,3,4,3,4,3,4,4,3,3,4,NA,4,3,3,3,4,NA,4,4,3,3,4,4,4,3,NA,4,3,3,3,3,4,4,3,4,NA,3,3,3,3,4,3,3,3,4,4,4,3,NA,3,4,4,4,4,4,4,NA,3,3,3,NA,3,NA,3,NA,NA,NA,4,NA,3,3,3,4,3,4,NA,3,4,3,4,4,4,4,4,3,3,4,3,4,3
"29","00029",39,"F","White","USA",3,3,NA,NA,3,4,3,NA,3,NA,3,NA,NA,3,3,3,3,3,3,NA,3,3,3,3,3,2,NA,3,NA,3,3,NA,3,2,NA,3,NA,4,4,NA,4,4,NA,4,3,3,NA,3,3,3,3,3,3,3,3,4,3,3,4,4,3,4,3,4,3,2,2,3,4,3,4,4,3,NA,NA,3,NA,4,NA,NA,4,3,3,NA,NA,3,3,3,3,2,3,3,NA,3,3,3,3,4,3,3
"30","00030",20,"F","Asian","China",NA,4,4,4,4,4,4,3,5,4,4,4,4,5,4,5,4,5,NA,NA,4,4,NA,3,4,4,4,4,4,4,4,5,4,4,4,4,5,4,4,5,3,4,4,5,4,NA,3,4,4,4,NA,4,3,4,4,5,4,4,5,NA,4,4,4,3,4,4,5,4,4,4,4,5,4,4,NA,NA,NA,5,4,4,4,4,4,4,NA,4,4,3,4,4,4,5,4,4,4,3,4,5,4,5
"31","00031",21,"F","White","India",NA,3,2,NA,2,3,3,3,2,2,3,NA,2,3,2,3,2,2,3,3,2,3,2,2,2,3,2,3,3,NA,2,2,3,2,2,3,2,3,3,2,NA,2,2,NA,2,3,2,NA,2,3,2,3,2,2,3,3,3,3,2,2,3,3,3,NA,2,2,2,NA,2,3,3,2,2,2,2,3,1,3,2,NA,3,NA,3,2,2,2,NA,2,2,3,3,3,3,2,2,2,2,3,3,2
"32","00032",39,"M","White","Japan",3,3,3,4,NA,3,3,3,3,3,3,4,4,3,3,4,3,3,3,3,3,3,3,3,NA,3,3,4,3,3,4,3,3,3,3,3,3,3,NA,4,3,4,3,3,NA,3,3,3,3,3,4,3,3,3,3,3,3,4,4,4,3,3,3,3,3,3,3,3,3,NA,3,3,3,NA,3,4,5,4,NA,3,3,3,NA,NA,3,3,4,3,3,3,4,4,4,4,3,4,4,4,3,3
"33","00033",40,"M","White","UK",3,3,3,3,3,3,2,3,NA,3,NA,3,3,4,3,3,3,3,3,NA,3,3,NA,3,NA,NA,3,3,3,3,NA,3,NA,3,3,3,3,3,3,2,3,NA,3,3,3,3,2,2,3,NA,3,3,NA,2,NA,3,3,3,3,3,3,3,3,NA,3,NA,3,3,3,3,NA,NA,3,4,4,3,2,NA,NA,3,3,3,4,3,3,3,3,NA,3,3,3,3,3,3,3,2,3,3,3,4
"34","00034",42,"F","White","China",NA,3,3,3,2,3,3,3,3,3,2,3,4,NA,3,NA,NA,3,3,3,3,4,3,3,3,3,3,3,3,3,3,3,3,3,3,3,NA,3,3,3,3,3,NA,3,3,3,3,3,4,3,4,3,3,4,3,3,3,NA,3,3,3,3,3,3,4,3,NA,3,NA,3,3,3,4,3,4,NA,4,3,3,NA,3,3,4,4,3,3,3,NA,3,3,4,3,3,3,3,3,4,3,3,4
"35","00035",38,"M","White","China",1,2,3,2,2,2,2,2,3,NA,2,2,2,2,2,3,2,2,2,2,2,2,2,NA,1,3,2,2,2,2,1,2,2,3,2,2,2,2,2,2,2,3,2,2,2,NA,1,2,2,2,2,2,2,2,NA,NA,3,2,2,2,3,2,2,2,NA,2,1,2,2,1,2,2,NA,2,2,2,NA,2,2,2,2,2,3,2,2,2,2,NA,2,2,2,3,2,2,2,NA,2,2,2,3
"36","00036",38,"M","Asian","India",NA,3,4,3,4,3,NA,4,4,NA,3,5,3,4,4,4,4,NA,4,NA,3,4,NA,4,4,NA,4,4,4,3,4,4,NA,4,4,4,4,4,4,4,3,4,4,4,NA,4,NA,4,3,4,4,4,NA,NA,5,5,4,4,NA,4,4,4,NA,4,NA,4,4,4,NA,4,3,4,4,4,4,4,4,3,3,4,4,4,5,NA,4,NA,3,NA,NA,4,4,4,4,4,3,3,4,NA,4,4
"37","00037",18,"M","Hispanic","USA",3,2,3,4,3,3,3,3,3,3,3,3,3,3,3,4,3,3,3,NA,3,NA,3,2,3,3,3,3,3,NA,NA,3,4,3,3,3,NA,3,3,3,3,3,3,3,3,3,3,3,3,NA,3,3,3,2,3,4,3,NA,3,2,4,3,3,3,3,3,2,3,3,3,NA,3,3,3,3,NA,2,NA,3,3,3,3,3,NA,3,4,3,3,NA,3,3,3,3,2,2,2,3,3,3,3
"38","00038",19,"M","White","UK",3,3,NA,NA,3,2,4,3,NA,3,3,NA,2,3,3,3,3,3,2,NA,3,3,3,2,2,3,NA,3,3,NA,NA,3,4,3,3,3,3,4,3,2,3,4,2,3,3,3,3,3,3,NA,NA,4,3,NA,NA,NA,5,3,3,3,3,3,NA,3,3,NA,3,3,2,3,3,3,3,3,3,3,1,3,2,3,4,2,4,3,NA,4,3,3,3,3,3,3,4,4,3,NA,2,NA,4,NA
"39","00039",22,"M","White","Germany",3,3,3,3,4,3,NA,3,3,3,3,4,2,4,3,3,3,3,NA,3,3,3,3,2,3,3,3,3,3,3,3,3,NA,3,NA,3,NA,3,4,3,3,3,NA,4,NA,4,NA,3,NA,3,3,3,3,3,3,3,3,3,3,3,3,3,3,2,3,3,3,3,3,3,3,4,3,NA,3,4,3,NA,3,3,3,2,3,3,3,3,3,2,3,3,NA,4,3,3,2,3,3,NA,3,3
"40","00040",41,"M","White","Germany",3,3,3,4,3,3,NA,NA,4,3,3,3,3,4,3,3,3,3,NA,3,4,3,3,2,3,3,3,4,4,3,2,3,4,3,4,3,3,3,3,3,4,4,3,3,3,3,2,3,3,3,3,4,3,3,4,3,NA,3,3,2,4,4,NA,4,3,NA,3,3,3,2,4,3,4,3,3,3,3,NA,3,3,NA,3,4,NA,3,3,NA,NA,NA,4,NA,4,3,4,3,2,NA,4,4,3
"41","00041",28,"F","White","India",3,3,2,4,3,NA,NA,3,3,3,3,3,3,3,3,2,NA,3,3,3,3,3,NA,3,NA,3,3,3,4,3,NA,3,4,NA,3,3,NA,3,4,4,4,NA,3,3,3,3,3,3,NA,3,3,3,2,NA,3,4,4,3,3,3,NA,NA,3,3,NA,2,3,4,3,4,3,NA,3,4,3,3,4,4,3,4,4,3,3,4,3,4,3,3,3,3,3,3,4,4,3,NA,3,4,NA,3
"42","00042",37,"F","White","India",3,3,3,4,3,3,3,2,3,NA,3,2,NA,3,NA,3,3,3,NA,2,2,3,3,2,3,3,3,NA,3,3,3,3,3,3,3,3,NA,3,NA,3,3,3,2,3,NA,4,3,3,2,3,3,3,3,3,2,4,4,3,3,3,3,3,3,3,3,2,3,3,3,3,NA,3,3,4,4,3,NA,2,3,NA,3,2,3,3,3,NA,3,2,NA,NA,NA,4,3,3,NA,3,NA,3,2,3
"43","00043",55,"F","White","USA",4,4,4,4,3,4,3,3,4,4,3,4,4,3,4,3,NA,NA,3,NA,3,4,3,NA,NA,3,NA,3,3,3,3,4,4,3,4,NA,4,NA,3,4,3,NA,NA,NA,NA,4,NA,NA,3,3,4,3,4,4,4,4,4,3,NA,3,3,4,4,3,NA,3,4,3,4,3,4,4,4,3,4,4,4,3,3,3,3,3,3,4,4,NA,NA,3,4,3,4,3,3,4,4,3,4,3,3,3
"44","00044",18,"M","White","UK",2,2,2,3,2,2,2,NA,2,NA,2,1,3,3,3,2,2,NA,2,2,NA,2,2,2,2,2,2,3,2,NA,2,NA,2,NA,2,2,2,2,2,2,1,3,2,3,2,3,3,2,2,2,3,2,2,3,2,2,2,2,2,2,2,2,2,2,2,2,3,2,2,2,2,2,2,2,2,2,3,2,2,2,2,2,2,1,2,3,2,2,2,2,2,2,2,2,2,NA,2,NA,2,NA
"45","00045",31,"F","White","Brazil",3,3,3,4,4,3,4,3,3,3,NA,3,NA,3,3,3,NA,NA,3,3,3,3,3,3,3,3,NA,4,4,3,3,NA,3,3,NA,3,3,3,4,3,3,3,3,4,3,3,3,3,3,3,NA,3,3,4,4,4,4,4,NA,4,NA,3,3,NA,3,3,3,3,3,NA,3,3,3,3,3,NA,3,4,3,3,3,3,3,3,3,3,3,NA,3,3,3,3,3,3,3,3,4,4,3,3
"46","00046",35,"M","White","USA",2,2,2,2,NA,1,2,2,2,2,3,2,2,2,2,3,2,3,1,NA,2,2,NA,1,NA,3,NA,NA,1,NA,1,2,NA,2,2,1,2,1,2,1,NA,2,2,NA,2,NA,2,1,NA,NA,NA,NA,2,1,2,1,2,2,NA,2,2,3,2,2,NA,1,2,2,2,2,2,2,2,2,NA,2,2,1,1,1,1,2,2,2,2,3,2,2,2,2,2,3,NA,NA,2,2,2,2,2,2
"47","00047",18,"F","White","India",3,3,4,4,NA,4,4,NA,4,3,4,3,NA,4,3,4,3,4,3,3,3,3,3,3,3,4,NA,3,3,3,NA,3,4,3,4,NA,4,3,NA,4,3,3,3,4,3,4,4,3,NA,4,3,3,3,NA,4,4,3,4,4,4,3,3,3,3,4,NA,3,NA,4,3,NA,4,3,4,4,4,3,4,3,3,3,3,4,NA,4,NA,3,2,NA,3,4,4,3,4,4,3,4,4,3,4
"48","00048",21,"F","White","USA",3,3,3,4,NA,NA,4,3,4,NA,3,4,3,4,3,3,NA,4,3,3,3,3,NA,2,3,4,3,NA,3,3,3,3,4,3,NA,3,3,3,3,NA,3,3,NA,3,NA,3,3,3,2,3,NA,NA,3,3,3,NA,4,3,3,4,NA,4,3,3,3,3,3,3,3,3,3,3,3,3,3,3,2,3,3,3,3,2,4,3,3,4,4,2,2,3,3,4,4,3,NA,2,3,NA,3,4
"49","00049",33,"F","Asian","USA",4,4,4,4,4,4,4,4,4,NA,4,NA,3,4,4,NA,4,4,3,5,4,NA,4,NA,4,3,5,4,5,4,3,4,4,4,5,4,4,4,5,4,4,4,4,5,4,4,4,4,4,4,NA,4,4,4,4,4,4,4,4,NA,4,5,4,4,4,NA,4,4,4,4,NA,5,NA,5,4,4,3,NA,4,4,4,3,4,4,NA,5,4,4,4,4,4,4,4,NA,4,NA,4,4,5,4
"50","00050",43,"F","White","USA",2,NA,NA,2,3,2,3,2,NA,1,3,2,2,2,2,2,2,3,2,3,NA,2,NA,2,2,2,2,2,3,2,2,2,4,2,2,3,NA,3,NA,NA,3,4,2,2,3,3,1,3,NA,3,2,4,2,NA,2,3,3,2,3,3,NA,3,2,NA,NA,3,2,3,1,NA,3,NA,NA,3,3,3,2,3,2,3,3,2,2,3,3,4,3,3,3,2,2,3,NA,3,3,3,2,4,3,3
"51","00051",42,"F","White","Canada",3,4,4,4,4,4,4,NA,5,4,NA,4,3,4,4,4,4,4,3,4,3,4,4,4,3,4,4,4,NA,4,4,4,4,4,4,4,4,3,4,4,4,4,4,4,NA,3,4,3,4,NA,4,4,4,NA,3,5,NA,4,NA,4,4,4,NA,4,4,4,4,4,4,NA,4,4,4,4,5,4,3,4,4,4,3,4,4,4,4,4,NA,NA,4,3,NA,4,4,5,4,4,4,4,3,4
"52","00052",59,"F","Hispanic","Brazil",5,5,4,4,4,NA,4,4,5,5,3,5,5,4,5,4,5,5,5,4,5,NA,5,5,5,NA,5,5,5,5,5,5,4,4,5,NA,5,4,4,5,5,5,5,5,5,5,4,5,5,4,5,4,NA,5,5,5,NA,NA,5,4,4,4,5,5,5,5,5,5,5,NA,4,5,5,4,5,5,5,5,5,5,4,5,4,5,5,4,5,5,5,4,4,NA,5,NA,5,NA,5,4,5,5
"53","00053",28,"M","White","Brazil",3,4,5,NA,3,NA,4,3,5,4,3,NA,2,5,4,NA,4,4,3,4,4,5,NA,NA,3,NA,4,4,4,NA,NA,4,5,5,4,3,4,3,3,3,NA,5,4,3,4,4,3,3,3,4,4,3,4,2,4,4,4,4,3,4,5,5,4,4,4,4,4,4,4,4,4,4,4,3,NA,NA,2,3,3,4,3,3,5,4,3,4,3,3,4,5,NA,4,3,4,3,3,3,3,NA,4
"54","00054",34,"M","White","USA",3,NA,3,3,NA,3,4,4,3,3,3,3,2,3,NA,4,3,3,3,4,3,3,3,2,3,3,3,3,4,3,3,NA,4,3,3,NA,3,3,3,3,3,4,3,2,3,3,2,3,3,NA,3,3,3,3,3,4,4,3,3,3,4,3,3,3,3,NA,3,3,4,3,3,3,4,4,3,3,3,3,3,3,3,NA,3,3,3,3,3,3,NA,NA,3,3,4,3,3,3,3,NA,3,3
"55","00055",25,"M","White","China",3,3,4,NA,3,3,3,2,3,3,3,NA,4,4,3,3,3,3,3,NA,3,NA,3,NA,3,4,3,4,3,3,3,3,4,3,4,3,4,3,3,4,2,NA,3,NA,NA,3,3,3,3,3,3,3,3,NA,NA,3,3,4,3,NA,3,3,3,3,3,3,3,3,4,NA,2,3,NA,3,NA,4,3,3,3,3,3,NA,4,3,4,3,4,3,3,3,NA,4,4,4,3,3,3,3,3,4
"56","00056",31,"M","White","Brazil",3,3,3,3,4,NA,4,4,4,3,3,3,3,3,3,3,3,3,NA,4,NA,3,3,3,3,3,4,3,4,NA,3,3,NA,3,3,3,4,3,4,4,3,4,NA,4,3,4,3,3,3,3,3,4,3,3,3,4,3,3,3,4,3,4,NA,3,3,3,3,4,3,NA,3,4,3,4,4,3,3,4,3,NA,4,3,3,NA,3,4,3,4,NA,3,4,3,NA,3,NA,3,3,NA,4,3
"57","00057",23,"F","White","Germany",4,NA,NA,NA,4,3,4,3,4,3,3,3,3,4,4,3,3,NA,3,NA,3,3,3,3,NA,3,4,3,3,4,3,NA,3,4,NA,3,4,3,4,4,NA,4,NA,4,3,NA,3,3,3,3,4,3,3,3,3,4,3,4,4,NA,3,3,4,4,3,3,3,3,NA,3,4,4,3,NA,4,4,4,3,3,3,3,3,3,4,4,3,4,3,4,4,4,4,3,3,3,3,4,4,3,NA
"58","00058",41,"F","White","Japan",1,2,2,3,2,2,2,3,2,2,NA,2,2,2,NA,2,2,2,2,2,3,NA,2,2,2,NA,1,2,2,2,2,2,2,2,2,2,2,NA,NA,2,2,NA,2,2,2,NA,2,2,2,NA,1,2,2,2,2,2,2,2,2,2,2,2,2,2,2,2,2,2,2,2,2,2,2,2,2,NA,2,2,1,2,2,2,NA,2,2,2,1,2,2,2,2,3,2,2,2,1,NA,3,2,3
"59","00059",50,"F","White","USA",3,3,3,4,NA,NA,2,2,3,NA,2,NA,3,3,3,3,3,3,3,3,NA,4,3,3,2,4,3,3,3,4,3,3,3,2,3,2,3,2,NA,2,2,3,3,3,4,3,2,3,3,3,4,3,3,4,3,3,3,3,3,3,3,3,3,3,3,3,3,3,4,3,2,3,3,3,4,3,4,2,2,3,2,3,3,3,3,3,3,2,3,3,NA,3,3,3,NA,3,NA,3,3,3
"60","00060",42,"M","White","USA",3,3,3,3,2,3,NA,4,3,3,3,3,3,NA,2,3,3,2,2,3,3,3,3,2,3,3,3,3,3,3,2,3,3,3,3,2,3,2,3,3,2,4,NA,2,3,NA,2,3,3,3,3,3,3,NA,4,NA,3,3,3,2,3,NA,NA,3,3,3,NA,3,3,3,3,3,3,NA,3,3,3,NA,NA,2,NA,3,3,NA,3,3,2,NA,2,4,3,3,3,3,3,3,3,3,4,NA
"61","00061",50,"F","White","USA",3,NA,3,4,3,3,3,NA,4,3,3,4,3,4,4,4,3,NA,3,4,NA,4,3,3,3,4,NA,3,NA,3,4,3,4,4,4,4,3,3,4,3,3,3,3,4,4,4,NA,3,NA,3,4,4,3,3,4,4,3,4,NA,4,4,4,3,3,3,3,3,3,4,NA,NA,3,4,4,4,4,3,4,NA,3,NA,3,NA,4,NA,3,NA,3,4,NA,3,4,4,4,3,3,4,4,4,4
"62","00062",35,"M","White","USA",3,4,4,4,3,NA,NA,3,4,4,4,4,4,4,4,4,4,NA,4,4,NA,4,4,3,NA,4,4,4,4,3,NA,4,4,4,4,4,4,3,4,NA,3,5,3,4,4,4,4,4,4,4,4,4,NA,3,4,4,4,NA,3,3,4,NA,4,4,4,4,3,4,5,3,NA,4,4,4,5,4,NA,5,3,4,3,4,4,5,4,4,4,NA,4,4,5,NA,4,4,4,3,4,NA,4,4
"63","00063",35,"F","White","USA",2,1,1,3,1,NA,1,3,1,2,1,1,2,1,NA,1,1,1,2,NA,1,1,2,2,1,1,1,2,2,3,1,1,1,1,1,1,1,NA,2,NA,1,1,2,1,2,1,NA,NA,2,1,NA,1,NA,NA,2,1,1,1,1,NA,1,1,1,1,1,1,1,1,2,2,1,2,1,1,NA,2,3,2,1,1,2,2,1,NA,1,1,1,NA,1,1,2,1,1,1,2,1,NA,1,NA,2
"64","00064",20,"F","White","China",2,2,1,NA,3,2,NA,3,3,2,3,3,3,NA,NA,2,2,2,2,NA,3,2,2,NA,2,2,2,3,3,2,2,NA,NA,2,2,2,2,3,3,2,NA,3,2,NA,2,3,2,2,2,3,2,3,2,2,3,2,3,2,2,2,3,3,NA,3,2,2,2,2,NA,2,3,2,3,3,3,2,NA,3,NA,2,3,NA,3,2,2,3,2,2,2,2,3,2,4,2,2,NA,2,4,NA,3
"65","00065",31,"M","White","South Africa",NA,2,2,2,3,3,3,3,NA,NA,2,3,NA,2,2,2,NA,NA,3,3,2,2,3,2,2,NA,3,2,3,2,2,2,3,2,2,3,2,3,3,2,NA,3,2,NA,2,3,NA,2,2,2,2,3,NA,3,NA,3,2,2,2,3,2,2,2,NA,2,2,2,2,3,2,2,2,3,3,3,2,4,3,2,NA,3,2,2,2,2,3,NA,3,2,2,NA,3,3,3,3,NA,3,NA,2,3
"66","00066",42,"F","White","China",3,3,3,3,3,3,3,2,3,3,3,4,2,NA,3,3,3,3,2,3,3,3,2,NA,3,3,3,3,2,2,2,3,4,3,NA,2,3,2,3,NA,3,NA,3,2,3,3,3,NA,2,3,NA,3,2,2,3,NA,4,3,3,3,3,3,3,NA,2,2,3,3,3,2,3,2,3,NA,3,3,2,3,3,2,2,2,3,2,3,3,3,3,NA,3,NA,3,3,3,2,2,3,2,3,3
"67","00067",18,"M","White","Brazil",3,3,3,3,4,NA,4,3,4,2,4,2,3,4,3,3,NA,NA,3,4,3,3,NA,2,3,NA,3,3,4,NA,3,3,4,3,3,3,3,4,4,5,4,NA,2,4,NA,4,NA,3,3,NA,2,4,3,3,3,4,NA,4,4,4,4,4,3,3,3,3,3,4,2,3,3,NA,3,4,2,4,3,3,3,4,4,3,3,4,4,4,4,3,3,NA,4,3,4,4,3,NA,4,4,3,3
"68","00068",37,"F","Hispanic","Japan",2,3,2,3,3,NA,3,3,3,3,3,3,3,NA,3,3,3,NA,2,3,3,3,3,3,3,3,NA,NA,3,3,3,3,4,3,3,NA,3,3,3,3,3,4,NA,3,3,3,3,3,2,NA,3,NA,3,3,3,NA,3,4,3,4,3,3,3,3,NA,3,3,3,3,2,2,3,3,4,3,NA,4,3,3,4,3,NA,NA,3,3,3,3,2,3,3,3,4,4,3,2,3,4,4,NA,3
"69","00069",28,"F","White","China",3,3,NA,3,NA,3,4,3,4,3,NA,4,3,4,4,NA,3,4,3,4,4,3,4,2,4,4,NA,3,NA,NA,3,4,NA,NA,4,4,4,NA,4,3,NA,4,3,4,3,4,NA,4,3,4,4,4,3,3,3,4,4,4,3,4,3,4,3,NA,4,4,3,4,4,4,3,4,3,4,3,4,4,4,3,4,3,3,3,3,NA,4,4,3,3,3,4,4,4,4,3,3,4,4,4,3
"70","00070",50,"F","White","USA",2,2,2,3,NA,2,2,3,3,2,2,3,2,3,2,3,2,2,2,3,NA,NA,2,1,2,3,2,2,2,2,2,2,3,3,2,NA,2,NA,2,1,2,2,NA,2,2,2,2,2,2,NA,3,2,2,2,2,NA,3,NA,2,2,3,NA,2,NA,2,NA,2,2,3,NA,3,2,3,2,3,3,2,2,1,2,2,2,NA,2,3,2,2,2,2,3,3,3,2,2,2,2,3,3,2,2
"71","00071",40,"M","White","India",3,3,NA,NA,3,3,2,3,2,NA,2,2,3,2,3,2,3,3,3,NA,2,2,3,2,2,2,2,NA,2,3,2,NA,2,2,2,2,2,3,3,2,3,NA,3,2,3,3,3,3,3,2,3,2,2,3,3,3,2,2,NA,2,2,NA,2,2,3,2,3,2,3,3,2,3,3,3,NA,3,4,2,2,3,3,3,NA,2,3,2,2,3,2,2,2,3,3,2,3,3,3,2,3,3
"72","00072",48,"F","White","USA",3,3,NA,3,3,3,3,NA,3,3,2,3,NA,NA,3,3,3,3,3,3,3,3,3,2,3,3,3,3,NA,3,2,3,3,3,3,2,2,3,3,2,2,3,3,NA,3,NA,3,2,3,2,3,2,NA,3,3,3,3,3,3,2,3,3,3,3,3,3,3,NA,4,3,2,2,3,3,3,3,2,2,2,2,2,3,3,3,3,3,2,3,3,3,3,3,NA,NA,3,2,3,3,3,NA
"73","00073",37,"F","White","Australia",3,3,3,4,3,NA,2,3,NA,4,2,NA,3,4,3,4,3,3,3,3,3,NA,3,3,3,3,4,4,3,4,3,4,3,3,4,2,3,NA,3,3,2,3,4,4,4,NA,3,3,3,3,3,NA,3,3,3,3,3,4,3,3,4,3,3,2,NA,NA,4,3,NA,3,3,NA,NA,3,NA,4,3,3,3,3,NA,3,4,3,3,NA,3,3,3,4,3,4,2,4,NA,3,NA,3,3,4
"74","00074",35,"M","White","China",4,NA,NA,4,3,4,3,3,4,3,3,4,4,NA,4,3,4,3,3,3,3,3,4,4,NA,3,4,3,3,4,4,4,3,3,4,4,NA,4,NA,4,NA,3,4,5,4,4,4,3,4,NA,5,3,4,4,3,4,3,4,4,NA,NA,NA,3,3,4,3,4,4,4,4,NA,4,4,4,4,4,5,4,4,3,4,4,NA,4,NA,3,4,4,4,NA,4,4,4,3,4,4,NA,NA,NA,NA
"75","00075",43,"M","Hispanic","USA",2,3,3,4,3,3,NA,NA,4,3,4,3,3,NA,3,3,3,3,3,4,3,3,3,2,2,4,3,2,3,2,3,3,3,3,3,2,NA,3,3,3,2,3,3,3,3,3,3,2,2,3,NA,3,3,3,NA,3,NA,3,3,NA,NA,3,NA,NA,3,3,2,3,4,2,2,3,3,3,3,3,3,3,2,3,3,3,3,NA,NA,3,3,NA,3,NA,NA,NA,NA,3,NA,3,3,3,3,4
"76","00076",21,"M","Black","India",1,1,NA,1,1,1,2,3,2,2,NA,2,1,2,1,2,1,NA,NA,2,1,NA,NA,1,1,2,1,2,2,1,1,1,2,1,1,1,NA,2,2,2,2,2,NA,NA,NA,2,2,1,1,2,1,2,1,1,1,2,3,1,2,1,2,2,1,2,2,2,2,NA,1,2,1,2,NA,2,1,1,NA,2,2,2,2,1,2,1,NA,2,1,2,1,NA,1,2,2,NA,2,1,1,3,2,2
"77","00077",19,"F","Asian","USA",2,2,2,3,3,2,3,3,NA,2,3,2,2,2,2,NA,2,2,2,3,NA,2,2,2,2,2,2,3,3,1,2,2,3,NA,2,3,NA,3,3,3,4,NA,2,2,2,3,2,3,NA,3,2,3,2,2,2,NA,3,2,NA,3,NA,3,2,NA,2,3,3,2,NA,3,3,NA,2,4,2,2,2,3,2,3,3,2,2,3,3,3,3,3,3,2,3,3,4,3,2,NA,2,4,3,2
"78","00078",27,"M","White","China",2,3,3,3,2,2,3,2,3,2,2,3,2,3,2,3,3,2,NA,3,2,3,3,2,2,NA,3,3,NA,3,2,2,3,3,3,2,2,2,3,2,2,3,NA,3,3,2,2,NA,NA,3,3,3,3,2,3,3,3,NA,3,3,3,3,2,2,3,NA,NA,3,3,2,3,3,3,3,3,3,2,2,2,2,2,2,3,3,2,3,3,3,3,2,3,3,NA,3,2,1,2,NA,3,3
"79","00079",36,"F","Hispanic","USA",2,2,2,2,1,2,2,3,2,2,3,2,3,2,2,2,2,1,2,NA,3,2,2,1,NA,3,2,3,3,NA,2,2,2,2,2,2,1,NA,2,1,2,3,3,1,3,2,2,2,3,2,2,2,2,2,3,2,3,NA,2,1,3,3,2,2,2,2,2,2,2,1,NA,2,3,NA,3,2,2,2,2,2,NA,NA,3,NA,2,3,NA,3,2,3,2,2,2,2,2,2,2,2,3,NA
"80","00080",36,"F","White","South Africa",NA,2,NA,NA,2,2,3,NA,3,2,2,3,NA,NA,2,NA,NA,NA,2,2,NA,2,2,NA,2,3,2,2,2,2,2,2,3,NA,NA,NA,2,3,3,2,2,3,2,2,2,2,2,2,2,2,2,2,2,2,3,2,3,2,2,3,3,3,2,NA,2,2,2,NA,NA,2,3,3,2,2,2,NA,2,2,2,2,NA,2,3,2,2,3,2,3,2,2,2,3,2,2,2,2,3,3,3,2
"81","00081",18,"F","Asian","China",1,2,2,3,1,2,NA,1,2,2,2,2,2,NA,2,2,2,1,1,1,1,NA,1,1,1,2,2,NA,1,2,NA,2,2,2,2,1,2,NA,2,1,1,2,NA,2,2,NA,2,1,2,1,2,2,2,2,2,2,NA,2,2,2,2,2,NA,1,NA,1,2,2,2,2,NA,2,2,1,2,2,2,2,2,NA,2,1,2,2,2,2,2,NA,2,2,2,2,1,2,2,2,2,2,1,2
"82","00082",35,"F","Asian","India",2,2,3,3,2,3,3,2,3,3,2,3,3,3,NA,3,2,2,2,3,NA,2,3,2,2,2,2,2,3,2,3,3,3,2,2,2,2,3,NA,NA,3,3,2,2,3,3,3,2,2,2,3,3,2,2,2,3,NA,3,3,3,3,3,NA,3,2,3,3,2,2,2,3,2,2,3,3,2,2,3,NA,3,3,NA,3,3,NA,NA,3,3,3,3,2,3,NA,2,3,2,3,3,3,3
"83","00083",43,"F","White","USA",3,4,4,5,4,4,4,3,4,NA,3,4,4,5,4,3,NA,4,4,4,NA,NA,NA,3,4,NA,4,NA,4,4,4,4,4,4,4,NA,4,4,4,4,NA,4,4,4,4,4,3,4,3,3,4,4,4,NA,4,4,4,4,NA,4,4,4,4,NA,4,4,3,4,4,3,3,4,4,4,4,4,4,5,4,NA,4,4,3,4,NA,4,4,3,4,4,3,NA,4,4,NA,4,4,3,4,4
"84","00084",18,"F","White","Brazil",2,3,4,3,3,3,3,3,4,3,3,4,3,4,3,4,3,3,3,NA,3,3,3,3,3,4,4,NA,4,3,3,3,4,3,3,3,3,3,3,3,NA,4,3,3,3,3,NA,3,NA,3,3,4,3,3,4,3,4,3,3,NA,4,3,3,NA,3,3,2,3,3,3,3,4,NA,4,4,4,2,3,3,NA,3,3,5,NA,4,4,4,3,4,3,4,4,3,3,3,3,3,4,NA,4
"85","00085",25,"F","Asian","China",3,3,3,NA,3,NA,3,3,NA,3,NA,NA,NA,3,3,NA,3,2,3,4,NA,3,3,3,3,NA,3,3,3,3,3,3,3,2,2,3,3,3,NA,3,3,3,3,NA,3,3,2,3,3,NA,NA,3,3,3,3,3,3,2,2,3,3,3,3,3,3,3,3,2,3,3,3,3,NA,3,3,3,3,NA,2,3,3,3,3,3,NA,3,2,3,NA,4,3,3,3,3,3,3,3,3,4,3
"86","00086",27,"M","White","South Africa",NA,4,3,NA,3,4,3,3,3,3,2,NA,4,3,3,3,4,4,3,3,2,4,3,NA,3,3,3,3,3,4,3,3,NA,3,NA,NA,NA,3,4,4,3,4,3,NA,4,3,3,3,3,NA,4,3,3,4,3,3,3,4,3,NA,3,3,4,3,3,NA,4,3,NA,3,3,4,3,3,5,NA,3,NA,3,3,3,4,3,3,4,3,4,3,NA,3,NA,NA,NA,NA,NA,NA,4,3,3,4
"87","00087",34,"F","White","USA",2,NA,4,3,3,3,3,3,3,3,3,3,2,NA,NA,3,3,2,3,NA,3,3,3,2,NA,NA,3,3,2,3,2,3,3,3,3,3,3,3,3,3,NA,4,3,2,NA,3,3,3,3,3,3,NA,3,3,3,3,3,3,3,NA,4,3,3,3,3,NA,3,3,4,3,3,2,3,3,4,3,3,3,2,2,2,3,4,3,3,3,3,3,3,3,3,NA,2,3,3,2,3,3,3,3
"88","00088",30,"M","Black","Canada",3,3,3,3,2,3,3,4,3,3,1,3,3,3,3,NA,NA,2,2,NA,3,3,3,3,3,3,3,2,3,3,2,3,3,2,3,2,2,3,3,2,3,3,3,3,3,3,2,2,3,3,3,NA,3,NA,3,2,2,2,2,2,3,3,3,NA,2,3,2,2,3,NA,3,3,3,2,NA,NA,3,NA,3,2,3,2,3,2,3,2,3,3,2,2,4,NA,3,2,3,2,NA,2,NA,3
"89","00089",33,"M","White","South Africa",NA,3,3,4,4,3,3,3,3,3,3,NA,2,3,3,3,3,3,2,3,3,NA,3,3,NA,3,3,3,NA,3,NA,3,4,4,4,2,3,3,3,NA,3,NA,3,3,NA,3,4,3,NA,3,3,3,3,NA,3,4,3,3,3,4,3,NA,3,3,3,3,3,3,3,3,NA,NA,3,3,4,4,NA,2,NA,NA,3,3,3,3,NA,3,3,3,3,NA,3,3,3,3,2,3,3,4,3,4
"90","00090",31,"F","White","Canada",3,2,2,3,2,3,3,2,NA,NA,3,2,2,3,3,2,2,NA,2,3,NA,3,NA,2,2,2,2,3,2,NA,3,2,3,3,3,2,2,2,NA,2,2,NA,2,3,2,3,3,2,2,2,3,2,2,2,2,2,3,NA,2,2,NA,2,2,2,2,NA,NA,2,3,3,2,NA,2,2,3,2,3,3,2,2,2,NA,3,2,2,3,3,NA,2,3,3,3,3,NA,2,2,NA,3,2,3
"91","00091",18,"F","White","China",3,3,3,5,3,3,4,NA,NA,2,NA,3,2,4,3,NA,NA,4,3,4,3,NA,3,2,3,3,3,3,3,2,4,3,4,3,4,3,NA,4,NA,3,4,4,2,3,3,4,NA,3,2,4,3,4,3,3,3,4,4,NA,4,4,4,4,3,4,4,3,4,3,3,4,3,4,NA,4,3,3,NA,3,3,4,4,3,3,4,4,4,NA,3,3,3,4,4,4,4,2,NA,3,4,4,4
"92","00092",57,"F","White","USA",2,3,3,3,2,2,2,2,2,NA,1,2,2,3,2,2,2,2,2,1,2,3,2,2,1,3,2,NA,2,NA,2,2,2,2,2,1,NA,2,NA,2,NA,2,3,2,3,NA,3,1,3,1,3,1,2,3,3,1,1,NA,NA,1,3,2,2,1,2,2,3,2,3,2,2,2,2,1,3,2,3,NA,1,1,1,2,2,2,NA,1,2,2,NA,2,2,3,1,2,3,2,NA,NA,2,3
"93","00093",38,"F","White","India",4,4,4,4,3,3,3,4,4,4,3,NA,3,NA,4,4,4,4,3,4,3,4,4,3,3,4,4,NA,3,3,3,4,NA,4,4,NA,4,3,NA,NA,2,4,4,4,4,4,3,4,NA,3,4,3,3,NA,NA,3,4,3,NA,3,4,4,4,3,4,4,3,NA,5,4,4,3,4,3,4,4,3,NA,3,3,3,NA,4,4,3,3,3,3,4,NA,4,4,3,4,4,3,3,3,4,4
"94","00094",69,"F","White","South Africa",2,4,2,NA,NA,NA,NA,2,3,3,3,2,NA,3,NA,4,3,4,3,3,NA,NA,NA,3,3,3,3,3,2,3,3,NA,3,3,NA,3,3,3,4,NA,NA,3,3,4,3,3,NA,3,3,3,4,2,3,3,2,4,3,3,3,3,NA,3,3,3,3,3,3,NA,4,3,3,NA,3,4,3,3,4,3,NA,3,2,NA,NA,2,NA,3,3,3,3,3,3,4,3,3,3,3,3,3,3,3
"95","00095",51,"M","Black","India",4,NA,4,4,4,4,4,3,4,4,4,5,3,NA,4,4,4,NA,3,4,4,5,NA,3,4,4,4,4,4,4,4,5,4,4,5,NA,4,NA,4,NA,NA,4,4,4,4,4,4,4,3,3,4,4,3,4,5,4,NA,4,4,4,4,4,4,3,NA,4,NA,4,NA,4,4,NA,4,4,4,4,4,5,4,4,NA,NA,4,4,5,4,4,3,4,4,4,5,4,5,4,3,4,4,4,4
"96","00096",18,"M","White","Germany",3,3,NA,3,2,3,3,2,3,3,NA,NA,3,3,3,3,3,3,2,3,3,3,3,3,3,4,NA,3,3,3,3,3,3,3,3,2,3,3,3,3,2,3,4,2,3,3,3,NA,3,3,4,3,3,3,3,3,3,4,3,3,4,3,NA,3,3,3,3,3,3,3,NA,3,3,3,3,3,NA,3,NA,3,2,2,4,NA,3,4,4,3,NA,3,4,4,2,3,3,3,3,3,3,3
"97","00097",19,"M","White","USA",3,3,4,4,3,4,NA,3,3,3,2,NA,4,3,3,3,3,NA,3,2,3,3,3,3,3,4,3,3,3,4,3,3,3,3,3,3,3,3,NA,NA,2,3,3,4,4,3,3,NA,NA,3,4,2,3,3,4,2,3,3,3,3,3,3,NA,2,4,3,NA,3,4,NA,3,3,4,NA,4,3,4,3,3,2,2,3,4,3,3,2,3,3,3,3,4,3,3,2,NA,3,3,3,3,NA
"98","00098",31,"M","White","South Africa",NA,3,3,NA,3,NA,3,4,3,4,3,NA,3,3,4,4,4,3,4,4,3,4,4,3,4,NA,NA,4,4,3,NA,3,4,4,3,3,3,3,4,NA,4,4,NA,4,4,3,4,3,NA,4,4,3,4,NA,4,3,4,4,3,4,3,4,4,4,4,4,3,4,3,NA,4,3,4,NA,NA,3,3,NA,3,NA,3,3,4,4,3,3,3,4,3,4,4,4,4,3,4,3,4,4,4,3
"99","00099",32,"F","White","USA",5,4,4,5,4,5,4,NA,4,NA,4,4,4,4,4,4,4,4,4,4,4,4,5,NA,4,3,4,4,4,4,NA,4,3,NA,NA,4,5,4,NA,5,4,4,4,5,4,4,5,4,4,4,NA,4,4,4,4,NA,5,5,5,5,4,4,NA,5,NA,NA,4,4,NA,4,4,5,4,5,4,5,5,4,4,NA,4,4,NA,4,5,4,5,4,4,4,4,4,4,4,4,4,5,5,4,4
"100","00100",60,"F","White","South Africa",3,3,4,4,3,3,3,3,4,NA,4,4,3,4,NA,4,4,4,3,4,3,4,3,2,3,4,3,NA,3,3,3,4,5,4,4,3,4,3,3,3,2,3,3,NA,3,3,NA,3,3,3,4,3,3,3,3,4,4,4,3,NA,4,NA,3,4,NA,3,4,4,3,3,3,3,3,3,5,3,3,NA,NA,3,3,NA,3,3,4,4,4,3,3,NA,4,4,3,4,NA,4,3,3,3,3
"101","00101",18,"F","Hispanic","USA",NA,NA,3,4,NA,2,3,2,3,2,3,3,NA,3,3,NA,3,3,NA,3,2,3,2,NA,2,3,3,2,3,2,NA,3,4,3,3,2,2,3,2,3,2,NA,2,2,3,3,3,2,2,3,NA,NA,2,2,3,4,NA,2,2,2,3,3,3,2,3,2,2,NA,NA,3,3,3,3,2,3,3,1,3,2,3,3,2,NA,3,3,3,3,NA,3,3,3,NA,3,3,3,NA,2,NA,3,3
"102","00102",39,"F","White","USA",3,NA,3,4,NA,3,3,4,NA,3,3,4,4,NA,3,3,3,NA,3,3,4,NA,3,NA,3,3,3,4,3,3,3,3,3,NA,3,3,3,3,3,4,3,3,3,3,3,3,3,3,3,3,3,3,3,3,NA,4,NA,NA,NA,3,3,NA,3,3,3,3,NA,NA,3,3,3,3,3,NA,3,3,4,3,NA,3,3,3,3,NA,3,3,3,NA,3,3,3,4,3,4,3,3,3,3,3,4
"103","00103",29,"F","Hispanic","Canada",3,4,3,4,3,2,3,2,4,3,NA,3,3,4,3,3,3,NA,NA,3,3,3,2,2,NA,4,3,3,2,NA,3,3,4,4,3,2,3,3,NA,3,3,3,3,NA,NA,NA,3,NA,3,3,NA,2,3,NA,3,3,3,3,3,3,4,4,3,2,NA,3,3,3,NA,3,NA,3,3,3,NA,3,3,3,NA,3,2,2,4,3,NA,3,3,2,4,3,3,4,3,3,3,3,3,4,3,4
"104","00104",53,"M","White","Germany",3,3,3,3,2,3,4,4,3,3,4,4,3,3,3,3,NA,NA,3,3,3,3,3,2,3,4,3,4,4,2,NA,3,NA,2,3,3,3,4,3,3,4,4,NA,3,3,3,2,3,NA,3,3,3,3,2,4,3,4,2,2,3,4,3,3,4,3,3,NA,3,NA,2,3,NA,NA,3,3,3,3,3,2,4,3,3,4,3,3,NA,2,3,3,3,3,3,4,3,3,3,3,3,4,3
"105","00105",49,"M","Hispanic","Canada",3,4,4,3,3,3,3,3,4,3,3,4,3,4,3,4,4,4,NA,3,3,4,3,3,3,NA,3,3,3,3,3,NA,4,4,3,3,4,3,3,3,3,3,3,4,3,4,3,3,3,3,3,3,NA,3,3,3,4,3,3,4,4,3,3,4,3,3,4,3,3,3,3,NA,3,3,4,3,3,3,2,3,3,3,4,4,3,3,3,2,4,4,NA,4,3,NA,4,3,3,3,NA,NA
"106","00106",41,"M","Asian","China",4,NA,3,3,3,4,4,NA,3,3,4,3,3,NA,3,3,4,3,4,4,4,3,4,3,4,3,4,4,5,3,4,3,4,4,NA,4,NA,5,4,NA,5,NA,3,3,4,4,3,4,3,4,3,5,4,3,4,NA,4,3,3,4,3,NA,4,3,3,4,3,4,3,3,NA,4,4,4,3,3,3,4,3,5,NA,3,3,4,3,3,NA,NA,3,NA,NA,3,NA,3,NA,4,NA,NA,4,3
"107","00107",45,"F","White","China",2,2,2,2,2,2,NA,3,2,NA,3,2,NA,1,NA,2,2,2,2,2,2,2,2,2,1,2,2,2,1,2,2,2,2,NA,2,NA,2,2,2,2,3,2,2,2,2,NA,2,NA,NA,2,2,2,2,NA,2,2,2,3,NA,2,2,NA,2,2,2,2,2,2,2,2,NA,3,2,2,3,2,3,2,2,1,2,2,2,NA,2,NA,2,2,NA,2,2,2,2,NA,2,2,NA,3,NA,2
"108","00108",18,"F","Asian","USA",NA,3,3,4,3,3,NA,3,3,3,3,NA,3,4,3,3,3,3,2,3,3,NA,3,3,3,NA,3,4,3,3,3,3,4,3,4,3,3,NA,3,3,3,3,3,4,3,3,4,3,3,3,3,3,3,3,4,3,NA,3,4,3,NA,NA,3,3,3,3,2,3,3,3,4,3,3,4,4,4,3,NA,3,3,NA,NA,NA,NA,3,4,3,3,3,4,3,4,3,4,3,3,4,3,4,3
"109","00109",42,"M","White","Brazil",3,4,NA,4,4,4,4,3,4,4,NA,4,NA,4,4,4,4,4,3,3,3,4,3,4,3,4,4,3,NA,NA,4,NA,NA,4,4,NA,4,2,3,4,2,NA,4,5,NA,3,4,3,3,3,4,3,4,3,3,3,NA,4,NA,3,4,3,3,3,4,3,4,NA,4,NA,4,3,3,3,4,4,4,4,3,3,2,3,3,3,4,NA,NA,2,NA,4,4,4,3,4,NA,4,NA,3,3,4
"110","00110",32,"M","White","India",2,3,3,NA,2,3,2,2,3,2,3,2,NA,3,2,3,2,3,1,3,2,NA,2,2,NA,3,2,2,2,NA,2,3,3,2,3,2,3,NA,3,2,2,3,2,2,2,2,3,2,2,2,2,NA,2,2,2,3,3,3,2,3,3,3,2,2,3,2,3,2,3,3,3,3,2,2,3,3,3,3,3,2,2,2,NA,2,2,3,2,NA,3,3,3,3,2,3,2,2,2,2,2,2
"111","00111",56,"F","White","USA",2,3,NA,3,2,3,3,2,3,2,2,3,2,3,NA,NA,3,3,2,2,2,3,2,NA,2,3,NA,2,2,3,2,3,3,2,3,1,NA,2,2,3,2,3,2,3,2,2,3,3,2,2,2,3,2,2,2,2,3,3,3,3,3,2,2,2,3,2,2,3,3,2,3,3,2,3,NA,3,3,3,2,2,NA,2,3,2,2,2,3,2,2,2,3,3,NA,3,2,2,NA,3,2,NA
"112","00112",49,"F","Asian","South Africa",2,2,2,NA,2,NA,2,2,2,2,2,2,3,1,2,2,2,2,NA,2,3,2,2,2,2,2,2,2,2,3,2,2,2,2,2,2,2,NA,2,NA,2,3,2,2,2,3,2,2,2,2,3,2,2,3,NA,3,2,2,2,3,2,2,2,2,NA,2,3,2,3,2,2,3,2,3,2,2,NA,2,NA,2,3,3,3,2,2,2,2,2,2,2,2,2,2,2,2,2,2,2,2,2
"113","00113",28,"F","Asian","Brazil",2,2,2,NA,2,2,3,NA,3,2,2,1,2,NA,2,2,2,3,NA,2,1,NA,2,2,2,2,2,NA,2,3,2,2,2,2,2,NA,2,2,NA,NA,2,NA,NA,2,2,2,2,2,1,2,2,2,NA,2,1,3,NA,2,2,3,2,NA,1,NA,NA,NA,2,2,NA,2,2,2,1,NA,3,2,2,2,2,2,2,NA,2,2,2,3,NA,1,2,2,2,2,2,2,2,NA,2,2,2,2
"114","00114",29,"F","Hispanic","USA",4,NA,5,5,5,4,5,4,5,4,4,5,4,5,NA,5,5,4,5,5,5,5,4,4,5,4,5,5,5,4,4,5,5,4,5,4,NA,4,4,5,3,5,NA,NA,5,NA,4,4,4,5,5,4,NA,4,5,5,4,5,4,4,5,5,NA,4,5,5,4,5,5,NA,4,5,5,4,NA,5,4,4,4,NA,4,4,5,5,4,5,5,4,5,5,4,4,4,5,4,4,NA,4,5,5
"115","00115",37,"F","White","Brazil",2,3,3,NA,3,NA,2,3,3,2,3,3,3,2,2,2,2,2,NA,3,NA,2,NA,3,2,3,3,3,3,NA,2,2,3,2,3,NA,3,NA,NA,2,NA,4,NA,3,2,NA,3,3,NA,3,2,3,2,NA,NA,NA,3,3,3,3,3,3,2,2,2,3,NA,3,2,2,3,3,3,NA,3,3,3,3,2,3,NA,2,NA,3,3,3,NA,2,2,2,2,3,3,2,NA,2,3,3,NA,2
"116","00116",34,"F","Hispanic","USA",2,2,2,3,3,NA,2,2,3,2,2,2,3,3,2,2,2,3,2,2,2,2,2,NA,2,2,2,1,NA,NA,2,2,NA,2,2,2,2,2,2,2,2,NA,2,2,2,2,2,NA,2,2,2,2,3,NA,3,3,3,2,3,2,NA,2,2,NA,NA,2,2,2,3,3,3,NA,NA,3,3,3,3,3,2,NA,NA,2,2,2,2,3,NA,2,3,2,2,NA,2,2,2,3,2,3,2,3
"117","00117",27,"M","Hispanic","Brazil",3,3,4,4,3,3,3,2,3,2,3,4,2,NA,3,3,NA,3,3,3,2,3,2,2,2,3,3,3,2,2,2,3,4,4,3,NA,3,2,2,2,2,4,2,2,3,3,3,NA,3,3,2,3,3,NA,3,3,3,NA,3,3,4,NA,3,3,3,3,3,3,3,2,3,3,3,2,4,3,2,4,NA,3,2,2,4,3,3,3,3,2,3,3,3,NA,NA,3,NA,2,3,3,3,NA
"118","00118",30,"F","White","UK",4,3,3,4,NA,4,4,3,3,4,4,3,4,4,4,4,4,NA,4,3,4,NA,4,4,NA,3,4,3,NA,4,4,4,3,3,4,3,4,NA,4,NA,4,4,4,4,4,4,3,4,3,4,4,3,3,4,3,4,NA,3,3,4,4,4,4,NA,4,3,4,4,4,4,4,NA,NA,NA,4,4,4,4,3,4,3,4,4,4,4,3,4,3,4,4,NA,3,3,3,NA,4,3,4,4,4
"119","00119",35,"F","Asian","South Africa",3,3,NA,NA,NA,NA,4,3,4,3,3,3,3,3,3,4,NA,3,3,NA,3,3,3,NA,3,3,4,3,3,3,3,3,3,3,NA,NA,3,3,4,4,3,4,3,NA,3,3,3,NA,3,3,3,3,NA,3,4,4,4,4,3,3,3,3,3,3,3,3,3,3,3,3,3,3,3,4,3,NA,4,3,3,3,3,3,3,3,4,NA,3,3,3,2,3,3,3,4,3,3,3,4,3,3
"120","00120",33,"F","Asian","USA",NA,4,3,4,3,4,3,4,4,4,3,4,5,3,4,3,NA,3,4,4,4,4,4,NA,4,3,NA,4,4,4,4,3,3,NA,4,4,4,4,4,4,4,4,4,4,5,NA,NA,4,NA,4,4,4,4,4,4,4,4,NA,3,4,3,4,4,4,4,4,4,3,4,NA,4,4,4,4,NA,4,5,4,3,4,3,4,NA,NA,4,3,4,4,3,4,3,4,NA,3,4,4,4,4,4,4
"121","00121",24,"F","White","Japan",4,4,3,4,3,3,4,NA,4,4,3,4,4,4,NA,4,4,4,4,4,4,4,4,3,4,4,NA,4,4,4,3,3,3,4,4,4,NA,3,4,4,3,4,3,3,4,3,3,NA,3,4,NA,3,3,3,4,3,NA,3,3,3,4,4,NA,4,4,3,3,4,3,3,3,4,NA,4,NA,3,4,3,3,4,4,4,4,4,4,3,3,4,4,4,4,NA,4,4,3,4,4,4,4,4
"122","00122",33,"F","Black","UK",3,3,NA,3,3,4,4,3,3,3,3,NA,3,3,4,3,3,NA,NA,3,3,4,3,3,3,3,3,4,3,4,4,3,3,NA,NA,3,4,4,3,4,3,4,NA,NA,3,3,3,3,3,3,3,4,3,3,4,4,3,4,4,3,3,4,3,3,3,3,3,4,NA,3,3,4,3,NA,3,4,4,NA,3,3,3,3,3,3,4,3,3,3,3,3,3,3,4,3,4,3,3,3,4,4
"123","00123",54,"F","White","USA",2,NA,2,3,1,2,1,NA,2,2,2,NA,2,1,2,1,1,1,2,2,2,2,2,NA,NA,2,2,2,1,1,2,1,2,1,2,1,1,NA,NA,NA,2,2,2,1,2,2,2,1,NA,2,2,2,2,1,NA,1,NA,1,2,2,2,2,1,1,2,1,2,NA,2,1,3,2,NA,2,2,2,2,1,1,1,1,NA,NA,2,1,2,2,2,2,2,2,NA,1,2,2,1,1,NA,NA,2
"124","00124",18,"F","Asian","USA",3,3,2,4,3,3,3,3,3,2,3,3,3,NA,3,3,NA,NA,NA,NA,3,3,NA,3,NA,3,NA,NA,3,2,3,3,3,3,NA,3,3,3,3,3,4,3,3,3,NA,3,2,3,3,3,3,3,NA,3,3,3,3,2,3,3,3,3,3,3,2,3,3,3,3,3,3,3,3,4,3,NA,3,3,NA,3,NA,3,3,3,3,NA,2,2,3,3,3,3,3,3,3,2,2,3,3,3
"125","00125",18,"F","White","Brazil",2,3,2,NA,NA,2,NA,3,3,3,4,3,2,3,2,3,2,3,NA,3,2,2,NA,2,2,3,2,3,2,2,2,3,4,3,3,NA,3,3,3,NA,3,NA,2,2,2,3,2,NA,2,NA,2,3,2,NA,2,3,3,3,3,3,3,3,NA,NA,2,NA,2,3,2,2,3,3,NA,3,3,3,2,3,2,3,3,2,3,NA,NA,4,3,NA,2,3,3,3,3,2,2,2,2,3,3,3
"126","00126",40,"F","White","Germany",NA,4,NA,3,3,NA,3,3,4,3,3,4,3,3,NA,3,NA,3,4,4,3,4,3,3,4,3,3,4,NA,NA,3,NA,3,3,4,3,3,4,4,3,2,NA,3,3,4,3,3,3,3,3,3,NA,3,4,4,3,3,3,3,NA,3,3,3,4,3,3,3,3,4,4,4,3,4,3,4,3,4,3,3,3,3,3,4,NA,NA,3,3,3,3,3,3,NA,3,3,3,NA,4,3,3,4
"127","00127",34,"F","White","India",3,2,NA,2,2,2,NA,3,NA,3,4,4,2,3,NA,3,3,3,NA,4,3,3,3,2,3,3,3,3,3,2,3,2,NA,3,NA,3,3,4,3,3,4,4,2,3,2,NA,2,3,2,4,2,4,2,2,2,NA,4,3,3,3,3,3,2,NA,2,3,2,3,2,2,3,3,3,4,NA,2,3,3,3,3,3,2,3,4,3,4,3,3,NA,3,3,3,NA,NA,2,2,3,4,NA,NA
"128","00128",44,"F","Asian","Canada",3,4,3,4,3,3,4,3,4,3,3,3,4,4,3,3,NA,3,3,3,3,3,4,NA,3,3,3,NA,3,3,3,3,3,NA,4,3,4,3,4,NA,4,4,NA,4,3,3,3,NA,3,3,4,3,4,4,4,3,3,3,3,3,3,3,3,3,3,3,4,4,4,4,4,4,3,3,4,4,5,4,3,3,3,4,3,3,4,NA,3,NA,3,3,4,4,3,3,3,3,NA,3,3,NA
"129","00129",35,"F","White","USA",3,3,3,4,3,NA,4,NA,3,3,3,4,3,4,4,3,NA,4,3,4,3,4,3,NA,3,4,NA,3,3,3,4,NA,4,3,NA,NA,4,4,3,3,3,4,NA,3,3,4,3,3,3,3,4,3,NA,4,3,4,4,4,4,4,3,NA,4,4,4,3,3,3,3,4,3,4,NA,4,4,4,3,4,3,3,3,3,4,NA,4,4,3,3,4,3,4,4,4,3,3,3,3,4,4,5
"130","00130",18,"F","White","Japan",3,3,3,4,4,NA,4,3,3,3,4,NA,3,3,3,4,3,3,4,3,3,3,3,3,4,3,3,3,NA,4,4,3,3,3,NA,3,NA,4,4,4,4,4,3,3,3,3,3,4,NA,4,3,4,3,3,3,4,3,NA,3,3,3,3,3,4,NA,3,3,NA,3,4,4,3,4,3,NA,3,3,4,3,3,4,3,3,4,4,4,3,3,NA,3,3,4,4,3,3,3,4,4,4,3
"131","00131",36,"F","White","China",2,3,3,4,3,3,3,2,2,3,2,3,3,3,3,3,NA,3,3,2,2,3,NA,2,3,3,NA,2,2,3,3,3,3,3,NA,3,2,3,2,2,3,3,3,3,NA,3,NA,3,2,3,3,2,2,3,2,3,2,3,3,3,NA,3,3,3,3,2,3,3,2,2,3,3,2,3,3,3,2,2,3,2,2,NA,NA,3,3,3,3,NA,3,2,3,3,2,NA,3,3,3,3,3,2
"132","00132",43,"F","Hispanic","Japan",3,3,2,4,3,4,3,4,3,3,3,3,4,3,3,3,3,3,NA,3,3,3,4,3,3,2,3,4,4,3,3,3,3,3,3,3,3,4,4,4,4,NA,3,3,3,NA,3,3,3,3,3,3,3,NA,3,3,3,3,NA,3,3,3,3,3,3,3,3,3,3,4,3,3,3,4,3,3,3,3,3,3,4,3,NA,4,3,2,3,4,3,3,3,3,NA,3,3,3,3,3,NA,4
"133","00133",24,"M","White","USA",2,2,2,3,3,2,NA,2,3,2,3,3,2,NA,2,3,2,2,2,3,2,3,2,2,2,NA,2,NA,3,2,2,2,3,3,2,NA,2,3,3,2,3,3,2,2,2,2,2,NA,2,NA,NA,3,2,2,2,2,3,3,NA,3,2,3,2,2,2,2,2,NA,2,3,3,3,3,3,3,NA,3,3,2,3,3,2,2,3,3,3,2,3,2,NA,2,NA,3,3,2,2,2,3,3,2
"134","00134",18,"M","White","Brazil",3,3,3,3,NA,3,3,3,3,NA,3,3,3,4,3,3,3,NA,2,3,2,NA,3,3,3,3,2,2,NA,3,NA,3,3,3,3,3,NA,3,3,3,3,3,2,3,3,3,2,NA,NA,3,3,3,2,NA,3,3,3,3,3,3,3,3,2,2,3,2,3,3,NA,3,3,3,3,3,3,3,2,4,3,3,3,2,3,3,3,3,4,2,3,3,NA,4,NA,NA,2,3,3,3,2,3
"135","00135",21,"F","White","USA",3,3,2,3,3,3,3,3,3,4,3,3,3,3,NA,3,3,2,3,3,3,4,3,2,2,3,3,3,NA,3,NA,NA,3,3,3,2,3,NA,3,3,3,3,3,3,NA,NA,3,3,3,3,3,3,3,3,3,4,3,3,3,3,3,NA,3,3,3,3,3,3,NA,2,3,3,NA,3,3,3,3,3,2,3,3,3,3,3,3,NA,NA,3,3,3,4,NA,3,3,3,3,3,3,3,3
"136","00136",28,"F","White","Australia",4,NA,4,4,3,4,NA,3,3,3,3,3,4,4,4,3,3,4,3,3,4,3,NA,3,4,3,3,3,NA,4,4,3,3,3,4,3,NA,4,4,NA,4,4,NA,4,3,4,NA,3,NA,3,4,4,3,NA,NA,4,3,4,4,4,NA,NA,3,3,3,3,NA,4,3,NA,4,4,3,4,3,NA,3,4,4,4,3,3,4,NA,4,3,4,3,4,NA,3,4,4,4,NA,NA,3,4,3,3
"137","00137",18,"F","White","India",4,NA,NA,5,3,4,4,3,4,NA,NA,4,3,4,3,4,NA,3,3,5,3,4,3,NA,3,4,4,3,4,3,3,4,4,4,4,3,4,4,4,NA,4,4,3,4,3,4,2,4,3,4,3,3,3,3,4,4,4,4,4,NA,4,4,4,4,4,4,3,4,3,4,4,NA,3,4,4,4,3,4,3,NA,3,3,NA,4,NA,4,4,NA,NA,3,NA,4,4,4,3,3,NA,4,4,NA
"138","00138",43,"F","White","USA",2,2,3,3,3,2,3,2,3,2,3,3,2,3,NA,3,3,2,2,2,2,3,2,2,2,3,2,2,2,2,2,3,3,NA,2,3,2,2,3,2,NA,NA,2,NA,2,3,NA,2,2,NA,2,NA,2,2,2,3,3,2,2,2,3,3,2,2,NA,NA,NA,3,3,NA,3,NA,2,2,2,NA,NA,NA,NA,3,3,2,NA,3,2,3,2,2,3,2,NA,3,NA,3,2,2,2,3,3,3
"139","00139",31,"F","Asian","India",3,3,NA,4,3,3,NA,3,3,3,3,3,3,NA,3,3,3,3,3,3,3,3,3,2,3,3,3,NA,2,3,3,3,3,NA,3,3,3,3,4,2,2,3,3,3,NA,3,3,NA,NA,3,3,3,3,3,3,3,3,3,3,3,3,3,3,NA,NA,NA,3,3,4,3,3,3,3,3,4,3,3,4,3,3,3,3,3,3,3,2,2,3,3,3,3,NA,3,3,3,3,3,3,3,3
"140","00140",18,"F","White","USA",2,NA,NA,3,3,3,3,2,3,3,NA,2,NA,2,2,2,NA,3,2,2,2,2,2,2,2,NA,3,2,2,2,2,2,2,2,3,2,2,3,3,NA,3,2,2,3,2,2,3,2,3,2,2,2,2,3,3,3,3,3,2,NA,3,2,2,2,2,NA,2,NA,NA,2,3,NA,NA,3,3,3,3,2,2,2,2,2,2,2,2,3,3,2,NA,2,2,2,3,NA,2,2,NA,3,2,3
"141","00141",44,"F","Hispanic","USA",3,4,3,4,3,4,3,3,4,3,3,4,4,4,3,3,4,3,3,3,NA,4,NA,3,4,NA,4,3,NA,4,3,3,NA,3,4,3,4,3,4,3,3,4,NA,4,NA,4,NA,3,4,4,NA,3,3,4,4,NA,3,NA,NA,3,3,4,3,3,4,3,4,4,3,3,3,4,NA,4,4,3,NA,4,3,3,4,NA,4,4,3,4,3,3,4,3,4,3,4,NA,3,4,4,3,4,NA
"142","00142",41,"M","Black","India",3,NA,4,NA,3,3,NA,3,4,3,NA,4,3,4,3,4,NA,3,3,4,3,4,3,2,NA,NA,4,4,4,3,3,NA,NA,3,4,3,4,NA,4,4,3,NA,NA,4,3,4,2,4,3,4,4,4,3,3,3,4,4,NA,NA,4,NA,4,3,4,4,3,3,NA,3,3,NA,NA,4,NA,4,4,3,4,3,4,3,3,NA,4,4,4,NA,3,4,4,4,4,4,4,3,4,3,4,3,4
"143","00143",18,"F","White","India",NA,NA,3,4,4,4,5,4,5,NA,4,4,3,4,4,4,4,4,NA,5,4,4,NA,3,4,NA,4,3,NA,NA,4,4,5,4,NA,4,4,4,4,5,5,4,4,4,3,4,3,NA,3,4,3,5,3,NA,NA,5,4,4,4,4,4,4,4,4,4,NA,NA,NA,3,4,NA,5,NA,5,4,4,NA,5,4,5,4,3,3,4,4,NA,4,3,4,4,NA,5,5,4,4,4,4,4,3,4
"144","00144",23,"F","White","UK",3,4,4,4,3,4,3,3,4,5,NA,4,3,4,4,5,4,NA,4,4,4,4,4,3,NA,4,4,4,4,4,3,4,5,4,4,3,NA,4,4,4,NA,4,4,4,NA,4,NA,4,NA,4,4,4,4,4,4,5,5,4,4,4,NA,5,4,4,NA,4,4,NA,5,3,NA,3,NA,NA,5,4,NA,4,4,4,3,4,5,4,4,4,3,3,4,4,4,4,4,NA,4,3,4,4,4,4
"145","00145",47,"F","White","India",3,3,4,4,4,NA,3,NA,4,3,NA,4,3,4,4,3,3,4,3,4,3,NA,3,2,3,3,3,3,4,3,4,4,4,NA,NA,3,4,4,4,3,4,4,3,NA,3,4,3,NA,3,3,3,4,3,3,3,5,4,NA,4,4,4,NA,3,3,NA,3,NA,4,3,3,5,4,3,4,4,4,3,4,3,4,NA,3,3,4,NA,4,3,3,4,3,3,4,4,4,3,3,3,4,3,3
"146","00146",23,"F","White","UK",NA,2,2,4,3,3,3,3,3,2,2,2,2,3,2,3,2,2,NA,2,NA,NA,2,2,2,2,2,3,2,2,2,2,NA,2,3,2,3,2,3,2,2,3,2,3,2,3,3,2,2,2,2,NA,2,2,2,2,3,3,3,2,3,3,2,2,3,2,2,3,2,2,3,2,NA,3,3,2,2,2,2,2,2,2,3,NA,3,3,3,2,2,2,2,3,2,3,2,2,2,2,NA,2
"147","00147",43,"F","White","USA",2,2,2,3,2,2,3,3,3,2,NA,NA,2,2,2,3,NA,2,2,2,NA,3,2,2,2,3,2,2,2,NA,2,2,3,3,2,2,2,3,2,3,3,3,2,2,2,2,NA,2,2,3,2,2,2,2,NA,NA,3,3,2,2,3,2,NA,3,2,2,2,2,2,2,NA,NA,2,2,2,2,2,3,2,NA,NA,2,3,NA,2,2,3,2,2,NA,2,3,3,2,2,2,2,NA,NA,2
"148","00148",19,"F","Asian","Canada",2,3,3,3,3,3,2,3,3,2,3,4,NA,3,3,3,3,3,2,3,3,NA,2,2,3,NA,3,2,3,3,3,NA,3,3,3,NA,3,NA,3,2,NA,2,3,4,3,3,3,3,3,2,3,2,3,3,3,3,NA,3,3,3,3,3,3,3,3,NA,2,3,3,3,3,3,NA,3,4,3,3,3,3,3,3,3,4,NA,3,3,3,2,3,3,3,4,3,4,3,3,3,3,3,4
"149","00149",37,"F","Other","Canada",3,NA,2,3,3,3,4,3,3,2,3,2,2,3,2,3,2,3,3,NA,3,2,2,3,3,2,3,3,3,2,3,2,3,3,NA,3,3,4,4,3,4,4,2,3,2,3,2,3,2,3,2,4,2,3,2,NA,2,3,3,4,3,3,2,3,2,2,NA,3,2,4,4,NA,3,4,2,3,3,3,NA,3,4,2,NA,NA,3,4,3,3,NA,2,2,4,5,NA,3,3,3,4,3,2
"150","00150",44,"F","White","South Africa",NA,3,3,NA,2,3,3,3,3,NA,3,4,2,3,3,NA,3,3,NA,3,3,3,2,2,3,3,3,2,3,2,3,NA,4,3,3,3,2,3,3,3,3,3,NA,2,2,3,NA,3,2,3,2,3,2,2,NA,3,NA,4,2,3,3,3,3,NA,NA,3,2,3,2,NA,3,NA,3,3,2,3,3,2,2,3,3,2,NA,3,3,4,3,2,3,NA,4,3,3,3,2,2,3,3,3,2
"151","00151",25,"M","Asian","India",2,NA,3,3,NA,3,3,3,3,2,3,2,3,3,3,3,3,2,2,2,NA,3,3,2,2,3,3,3,NA,3,2,3,NA,NA,3,NA,3,3,3,2,3,3,2,3,NA,3,3,3,3,3,3,3,3,3,3,3,3,2,3,NA,3,3,3,2,NA,2,2,3,NA,3,2,2,3,3,NA,3,3,3,2,2,2,2,3,3,3,NA,3,2,3,NA,3,3,2,3,2,3,3,3,3,4
"152","00152",28,"F","White","India",3,3,3,NA,2,3,3,4,NA,NA,2,3,3,2,3,3,3,2,NA,3,3,NA,3,NA,3,3,3,NA,3,3,2,NA,3,3,3,3,3,3,3,3,3,4,4,3,3,3,3,2,3,3,4,3,4,3,4,3,3,3,2,2,3,3,3,3,NA,3,3,3,4,3,4,3,3,3,3,NA,4,3,2,3,3,3,3,3,3,3,2,4,3,4,3,3,3,3,3,NA,4,3,4,3
"153","00153",74,"M","White","Canada",4,4,NA,4,NA,4,4,4,4,4,4,4,4,4,4,4,4,3,3,4,4,3,4,3,NA,NA,4,4,4,3,4,3,4,NA,NA,4,3,NA,4,4,4,5,3,4,4,4,3,4,3,4,4,4,3,3,4,NA,4,4,4,4,4,4,4,NA,3,4,4,4,4,NA,5,4,4,NA,4,4,4,NA,4,4,NA,3,4,4,4,4,4,4,4,NA,4,4,4,NA,3,3,4,NA,NA,NA
"154","00154",29,"F","White","Brazil",2,NA,3,4,3,2,2,2,3,3,NA,3,2,NA,3,3,3,3,3,3,2,3,2,NA,2,3,NA,3,1,3,2,3,3,2,3,2,3,2,2,2,2,2,3,3,3,3,2,2,3,2,3,2,3,3,2,3,3,4,3,2,NA,2,2,NA,2,2,NA,2,4,3,2,2,3,NA,4,3,3,NA,NA,2,2,2,NA,2,2,3,4,2,NA,NA,3,4,2,2,2,2,3,2,1,3
"155","00155",48,"F","Hispanic","Canada",3,3,4,4,3,3,3,2,4,3,4,3,3,4,NA,NA,3,4,3,NA,NA,3,3,3,3,3,3,3,3,4,3,4,3,NA,NA,2,4,3,3,3,3,4,NA,4,3,4,3,3,2,3,3,3,3,3,3,NA,3,4,4,4,3,3,3,3,3,3,3,3,4,NA,3,4,3,4,3,NA,4,4,3,2,3,2,NA,3,3,4,4,2,3,2,3,4,3,3,2,NA,3,3,3,4
"156","00156",27,"M","White","Canada",3,3,3,4,3,3,3,4,3,3,NA,4,3,4,3,3,3,3,NA,3,3,3,NA,3,3,3,3,4,3,3,3,3,4,NA,3,3,3,4,4,3,3,4,3,4,3,4,4,NA,3,3,3,NA,3,2,3,4,3,3,3,3,4,3,3,NA,3,NA,3,3,3,3,3,3,NA,3,4,3,2,4,3,3,3,3,4,NA,4,4,3,3,NA,3,3,NA,3,3,3,NA,3,NA,3,NA
"157","00157",46,"F","White","USA",3,3,4,4,4,3,4,2,4,3,3,3,3,4,3,3,3,4,2,NA,3,NA,NA,3,3,NA,3,NA,2,3,3,3,3,3,4,NA,4,3,3,4,3,4,NA,4,3,3,3,3,3,3,3,3,3,3,3,3,3,NA,4,4,3,3,3,3,2,3,NA,4,3,NA,3,4,3,4,4,4,4,3,3,4,3,2,3,3,4,4,3,3,4,3,4,4,3,4,3,4,4,4,3,3
"158","00158",27,"M","Black","Canada",NA,NA,NA,4,4,4,4,NA,4,3,NA,NA,4,NA,4,4,4,4,4,5,5,4,4,4,4,4,4,3,4,4,4,4,5,4,5,4,4,4,4,5,4,5,4,4,4,4,3,4,4,4,4,4,4,4,4,5,NA,4,3,4,4,4,4,4,4,4,4,NA,3,NA,5,5,4,5,4,4,4,4,4,4,4,3,5,4,4,4,4,NA,4,4,4,4,4,NA,4,4,4,NA,5,5
"159","00159",24,"F","White","Japan",3,3,3,4,3,3,3,4,NA,NA,4,NA,3,NA,4,3,3,3,3,4,4,3,4,3,4,3,3,3,4,3,3,4,4,3,4,4,3,NA,4,4,4,4,4,4,3,4,NA,4,3,4,3,4,3,4,NA,4,4,4,3,4,3,4,NA,3,NA,3,4,NA,3,4,4,NA,4,5,3,4,4,4,3,4,4,3,3,4,NA,NA,4,NA,3,3,3,4,5,4,4,3,4,4,4,3
"160","00160",23,"F","White","India",1,2,1,2,1,2,1,NA,2,2,2,1,2,2,NA,1,2,1,2,1,1,2,2,2,2,1,1,NA,2,2,1,1,2,NA,1,NA,1,2,2,1,2,2,2,2,2,2,2,NA,2,2,2,2,2,2,NA,2,2,2,NA,NA,2,2,2,1,1,2,1,1,NA,2,2,1,2,2,2,NA,3,2,1,2,1,2,3,2,2,2,2,2,2,2,2,2,2,2,NA,NA,2,1,2,2
"161","00161",31,"F","White","USA",NA,NA,3,3,3,3,NA,3,3,2,3,NA,3,NA,3,NA,3,2,3,3,3,3,3,3,3,2,NA,3,3,3,2,3,3,2,3,3,NA,3,NA,2,3,NA,3,3,3,3,3,3,3,NA,3,3,NA,3,3,NA,NA,3,3,3,NA,3,3,NA,3,3,3,NA,3,3,3,3,3,3,3,3,3,3,3,3,NA,2,3,3,3,NA,3,3,NA,3,2,NA,3,3,3,3,3,4,3,3
"162","00162",50,"F","Hispanic","USA",5,4,4,4,4,NA,5,5,4,4,NA,4,4,NA,NA,NA,5,NA,4,4,5,4,5,4,4,3,NA,4,5,4,NA,4,5,4,5,5,4,5,5,4,5,5,NA,NA,4,4,2,4,4,5,4,5,4,4,5,5,5,4,4,NA,4,5,4,4,NA,4,4,4,4,3,4,4,5,5,NA,5,3,NA,4,5,5,4,4,5,5,NA,3,5,4,4,4,NA,5,3,4,4,4,NA,5,4
"163","00163",51,"F","White","India",NA,3,NA,NA,3,3,3,3,3,3,2,3,3,3,3,NA,3,3,2,3,3,4,3,3,3,3,3,3,3,3,NA,3,3,3,3,2,3,2,3,3,3,3,3,4,3,2,3,3,3,NA,3,NA,3,4,3,NA,3,3,NA,3,3,3,3,3,3,3,3,3,4,3,3,3,4,3,4,3,3,NA,3,3,2,3,3,3,3,NA,NA,NA,3,3,4,4,3,4,3,3,NA,3,3,3
"164","00164",23,"M","Asian","USA",3,3,3,3,3,3,2,3,3,2,3,3,3,3,NA,3,3,3,3,3,3,3,3,3,3,2,NA,3,3,3,3,3,3,NA,NA,3,3,3,3,3,NA,NA,3,3,3,3,3,3,3,3,NA,3,3,3,3,NA,3,3,NA,4,3,3,NA,NA,3,2,2,3,3,NA,3,3,3,3,3,3,3,3,3,3,3,NA,3,3,3,3,3,3,3,NA,4,3,3,NA,3,3,3,3,3,3
"165","00165",18,"M","White","Brazil",2,3,2,3,2,3,NA,3,3,2,3,NA,2,3,2,2,3,2,2,3,2,3,NA,2,2,3,2,3,2,NA,3,3,3,2,3,2,3,3,2,2,3,3,NA,3,2,3,3,2,2,NA,2,3,NA,2,2,3,3,3,3,3,3,3,NA,2,3,2,3,3,3,NA,3,2,2,3,2,3,NA,3,2,NA,NA,2,3,3,2,4,2,2,2,3,2,3,3,2,2,2,3,NA,2,3
"166","00166",34,"M","Asian","UK",3,NA,NA,4,3,3,3,2,4,3,NA,4,NA,4,3,NA,4,4,3,4,3,3,3,3,3,NA,3,3,3,4,3,NA,4,3,4,3,4,3,4,4,3,4,3,NA,3,NA,3,3,NA,3,4,3,3,3,3,3,3,4,4,4,3,3,3,3,3,3,3,3,3,3,3,NA,3,4,4,4,5,3,NA,3,NA,3,3,4,4,3,4,3,3,3,4,NA,3,3,3,3,NA,4,3,NA
"167","00167",47,"F","Asian","Canada",2,3,3,4,3,2,3,2,NA,NA,3,NA,NA,NA,3,3,3,NA,2,4,2,NA,3,2,2,3,3,NA,3,3,2,3,4,4,3,NA,3,2,3,3,2,3,2,3,NA,3,3,3,3,3,3,3,2,2,NA,3,4,3,3,4,3,3,3,2,3,3,3,3,3,3,3,NA,NA,3,3,3,3,3,2,3,2,2,3,3,NA,3,2,2,3,3,NA,3,3,3,3,2,3,3,3,3
"168","00168",19,"M","Other","Canada",3,3,3,4,3,3,3,2,NA,2,3,2,2,2,3,3,2,3,2,2,2,3,2,2,3,3,2,3,2,NA,NA,3,3,2,3,2,2,3,2,2,2,3,3,NA,2,NA,3,2,2,3,NA,2,3,2,2,2,3,NA,2,3,3,3,3,2,NA,2,2,3,3,2,2,3,3,3,2,3,2,3,2,2,3,3,3,3,2,2,3,2,2,NA,3,3,2,2,2,3,3,3,NA,3
"169","00169",24,"M","White","USA",NA,1,1,NA,NA,NA,2,2,NA,2,2,NA,1,2,2,2,1,2,2,2,NA,2,2,1,1,2,1,NA,2,2,1,2,2,2,2,1,1,2,2,2,1,2,1,1,2,2,2,1,2,2,NA,2,2,2,2,NA,NA,NA,2,2,2,NA,1,2,2,2,1,2,2,1,3,2,2,NA,2,2,NA,2,1,NA,2,NA,2,2,2,3,1,2,1,1,NA,3,3,2,1,1,2,2,NA,2
"170","00170",18,"F","Black","USA",NA,2,2,3,3,2,4,2,NA,2,3,3,2,3,2,3,2,2,2,3,2,2,2,2,3,3,2,2,2,1,2,2,3,NA,NA,2,2,3,3,NA,4,3,2,3,2,3,NA,3,2,3,2,NA,2,2,2,4,3,3,2,3,3,3,2,3,NA,2,1,2,2,2,3,2,2,3,3,2,2,3,2,3,3,2,2,3,3,3,2,3,2,2,2,3,NA,NA,2,2,2,4,2,2
"171","00171",56,"M","White","Australia",3,4,5,5,4,4,NA,3,4,4,4,4,4,4,4,4,4,4,3,NA,4,NA,4,3,NA,4,4,3,3,4,NA,4,4,4,5,3,4,4,NA,NA,3,4,4,5,3,4,4,4,3,3,4,3,4,NA,NA,5,4,4,5,5,4,3,NA,3,4,3,4,4,NA,4,NA,NA,4,4,5,4,4,4,4,3,NA,4,3,4,5,NA,4,2,NA,3,NA,4,NA,5,4,4,NA,4,3,4
"172","00172",40,"F","White","USA",2,3,3,3,2,2,NA,2,3,3,2,3,NA,3,3,3,2,NA,NA,3,2,2,2,2,2,3,3,3,NA,2,2,3,3,2,2,2,NA,NA,3,2,2,2,2,2,2,NA,2,2,2,2,3,3,2,2,3,3,3,3,3,NA,3,3,NA,3,2,3,2,2,3,2,2,2,3,NA,2,3,2,NA,2,2,3,2,NA,3,2,3,2,2,NA,NA,2,3,2,3,2,2,2,NA,2,3
"173","00173",18,"F","White","Germany",2,2,3,3,2,2,3,3,3,2,3,3,2,3,3,2,3,2,3,3,3,2,3,2,3,NA,2,3,3,3,2,3,3,3,NA,2,3,3,3,2,2,NA,3,3,2,3,3,2,3,3,3,3,3,3,2,3,3,3,3,2,3,3,3,3,3,3,2,3,NA,3,3,3,3,NA,3,3,2,3,2,3,NA,3,3,3,3,3,2,3,3,3,3,3,3,3,3,2,3,3,3,3
"174","00174",32,"M","Hispanic","USA",3,NA,4,3,3,3,4,NA,3,3,3,NA,2,4,3,3,3,3,3,3,3,3,3,3,3,4,NA,3,3,3,2,3,4,3,3,2,3,3,3,2,3,3,3,2,3,NA,3,3,NA,3,4,3,2,NA,4,3,4,3,3,4,4,4,4,NA,3,3,3,3,NA,2,3,3,3,NA,3,3,3,3,NA,3,2,3,4,NA,NA,3,NA,2,3,4,NA,NA,3,NA,3,3,3,3,3,3
"175","00175",18,"F","White","South Africa",2,2,3,3,2,3,3,3,3,2,3,2,3,2,2,2,2,3,2,NA,2,3,3,2,2,2,2,2,NA,3,2,3,NA,2,3,NA,3,3,3,3,2,3,2,3,2,3,3,3,2,2,NA,3,NA,3,2,2,3,3,3,3,2,2,2,3,2,2,NA,2,3,3,2,3,3,2,3,3,3,3,2,3,3,2,2,NA,3,3,3,2,3,2,2,3,NA,3,NA,2,2,3,2,2
"176","00176",19,"M","White","China",3,3,4,3,4,3,4,3,4,3,NA,5,NA,4,4,4,NA,5,3,NA,3,4,3,2,3,4,4,4,3,NA,3,4,4,4,4,NA,4,4,NA,4,3,NA,3,4,3,4,4,3,3,3,4,4,3,2,NA,4,5,4,4,4,5,4,3,3,4,3,3,NA,4,4,3,4,3,3,4,4,3,4,3,3,3,3,NA,4,4,3,4,2,4,4,4,NA,3,4,3,3,NA,4,3,4
"177","00177",49,"F","White","Canada",3,2,3,3,3,2,3,4,3,2,3,3,3,3,2,3,2,2,3,3,NA,3,3,NA,NA,3,3,NA,4,2,2,2,4,2,2,NA,3,3,3,NA,4,4,2,NA,2,3,NA,2,2,NA,2,3,NA,2,NA,3,3,2,2,2,NA,4,2,3,2,3,2,3,2,2,3,3,3,3,2,2,NA,2,2,3,NA,2,3,3,3,NA,2,3,2,2,3,3,4,3,NA,2,3,3,3,NA
"178","00178",61,"M","Asian","USA",3,3,NA,3,3,3,3,NA,3,NA,3,3,3,3,2,NA,2,3,NA,3,3,3,3,NA,2,2,3,2,3,2,NA,3,4,3,NA,3,NA,3,3,3,NA,3,2,3,3,3,3,NA,2,3,2,3,2,2,3,NA,NA,3,3,4,3,3,2,3,3,3,2,3,3,3,4,3,3,3,2,3,2,4,2,3,3,2,3,NA,3,3,3,2,2,3,2,4,3,3,3,2,3,4,NA,3
"179","00179",18,"F","White","South Africa",2,2,NA,2,NA,3,3,3,3,2,3,2,NA,3,3,3,3,2,2,3,2,NA,2,2,2,3,NA,2,2,2,3,3,2,3,2,2,2,3,3,2,3,3,2,3,NA,NA,2,3,NA,2,NA,NA,2,2,3,2,3,3,NA,3,2,3,2,NA,2,2,2,2,3,2,3,3,2,3,3,2,3,3,2,3,2,2,3,2,NA,3,2,NA,2,3,2,NA,3,3,NA,2,3,3,3,3
"180","00180",35,"F","White","Canada",4,4,3,3,4,3,4,5,4,4,4,4,NA,4,4,3,4,4,4,4,4,NA,4,4,4,4,NA,4,5,3,NA,4,5,4,4,4,NA,4,5,3,NA,4,3,4,4,4,3,4,4,5,4,4,4,3,4,4,5,4,4,4,NA,4,4,4,NA,4,NA,4,3,4,NA,NA,4,4,4,4,NA,NA,NA,5,4,NA,4,NA,NA,4,4,3,3,5,3,4,NA,4,4,4,4,4,4,4
"181","00181",18,"F","White","USA",4,4,4,5,4,4,4,NA,4,3,4,5,3,4,4,4,NA,4,3,4,4,4,4,3,4,4,4,4,4,3,4,4,4,NA,4,NA,4,4,4,3,3,4,4,4,4,4,3,NA,NA,4,4,4,3,NA,5,5,4,4,4,NA,5,4,4,4,4,4,4,4,3,3,3,4,4,4,4,4,NA,4,3,4,4,3,4,5,NA,4,4,NA,4,4,4,4,4,4,4,3,3,NA,4,4
"182","00182",33,"M","White","Brazil",1,1,1,2,2,2,3,2,2,2,3,1,NA,2,1,2,2,2,1,2,2,2,1,1,1,2,2,NA,2,NA,2,2,3,1,2,NA,2,3,2,NA,2,2,1,2,1,2,2,2,2,2,1,3,2,1,1,2,NA,NA,2,NA,2,2,1,1,1,1,1,1,1,3,2,2,1,NA,NA,2,2,2,NA,2,3,1,NA,2,2,3,2,NA,1,2,1,NA,2,1,1,1,1,3,2,1
"183","00183",22,"F","White","USA",3,NA,2,3,2,2,3,4,NA,3,3,3,2,3,2,3,3,3,NA,3,3,NA,2,2,3,3,NA,4,3,2,2,2,3,3,3,2,3,3,2,2,2,NA,3,2,3,3,2,2,3,NA,3,3,3,3,3,2,3,2,2,3,3,3,3,3,3,3,NA,2,3,2,3,2,3,3,3,3,3,NA,2,3,2,3,3,3,3,3,2,3,2,NA,3,3,3,2,3,2,3,3,3,3
"184","00184",54,"F","White","Canada",2,3,3,3,NA,2,3,NA,3,2,3,NA,3,3,2,3,3,3,2,3,2,3,2,2,3,NA,3,2,2,3,2,3,3,3,3,3,3,NA,3,2,3,2,2,4,2,3,3,3,2,2,2,NA,NA,3,2,3,2,3,NA,3,NA,2,2,2,3,2,NA,3,3,3,3,2,3,3,3,3,3,3,NA,2,NA,2,2,NA,3,NA,3,NA,3,2,3,3,2,2,3,2,3,3,2,3
"185","00185",47,"F","White","USA",NA,3,4,4,3,3,3,2,4,4,3,4,2,4,NA,4,4,3,2,4,3,4,3,2,3,4,3,3,3,3,3,4,4,3,3,2,4,NA,3,3,2,4,3,3,3,3,2,3,2,3,3,3,2,3,3,3,3,NA,3,4,4,NA,NA,3,4,3,3,3,4,2,3,NA,3,3,4,3,2,3,2,3,2,3,3,3,4,4,3,2,3,3,4,4,NA,4,3,NA,3,4,3,3
"186","00186",25,"M","White","India",3,3,3,NA,2,3,3,4,3,4,3,3,3,3,NA,3,3,3,3,3,NA,NA,3,2,3,3,3,4,NA,3,3,3,3,NA,3,3,3,3,3,3,3,3,3,3,3,3,2,NA,3,NA,NA,3,3,3,NA,3,NA,NA,2,NA,3,NA,3,3,3,3,2,2,3,3,3,3,NA,3,3,2,NA,2,2,NA,NA,3,4,NA,NA,3,3,3,3,3,3,3,3,3,3,NA,2,2,NA,2
"187","00187",29,"F","Hispanic","UK",4,5,4,4,3,5,4,4,NA,4,3,5,4,4,4,4,NA,4,4,5,NA,4,4,NA,5,5,4,5,5,4,4,4,5,NA,4,4,NA,4,4,4,3,5,4,4,4,5,4,4,4,4,5,4,NA,4,5,5,4,4,4,4,5,5,4,4,NA,4,4,4,4,4,4,4,5,4,4,5,4,4,3,4,NA,NA,4,5,5,4,4,4,4,5,4,5,NA,4,4,4,5,4,5,4
"188","00188",18,"F","White","China",NA,2,3,3,3,2,3,2,NA,2,2,NA,2,3,2,3,NA,3,2,3,NA,3,2,2,2,3,2,3,NA,2,2,3,NA,3,3,2,NA,2,NA,2,NA,4,2,NA,NA,3,3,2,2,2,NA,3,NA,2,NA,3,3,3,2,3,NA,3,2,3,3,2,NA,2,2,NA,3,2,2,3,3,2,2,2,NA,2,3,2,3,3,3,3,NA,2,3,2,3,3,2,3,2,3,NA,3,2,3
"189","00189",24,"F","Asian","Canada",4,4,3,3,3,3,4,4,4,4,3,5,4,3,4,4,4,2,4,4,4,4,NA,NA,NA,NA,4,5,4,NA,3,3,3,4,3,4,3,4,4,3,3,NA,4,3,4,3,3,3,4,4,4,NA,4,3,5,4,3,3,3,3,NA,4,4,4,4,4,4,3,4,3,3,3,5,3,4,NA,4,3,2,4,3,3,4,4,3,3,3,4,3,4,5,3,3,3,4,NA,3,3,4,4
"190","00190",18,"M","Asian","India",3,3,3,4,3,3,3,NA,NA,3,3,3,3,4,NA,4,3,3,3,4,3,3,3,2,3,3,3,3,3,3,3,NA,4,3,3,2,3,3,NA,3,3,3,3,NA,3,3,2,NA,3,3,3,3,3,2,3,4,NA,3,3,3,NA,3,3,3,3,3,NA,3,3,3,4,3,3,3,4,3,2,3,NA,3,3,3,4,4,3,3,3,3,3,NA,3,4,3,NA,3,3,NA,3,3,3
"191","00191",30,"F","White","Australia",4,3,3,4,3,4,NA,4,4,3,4,4,3,4,3,3,3,3,3,NA,3,NA,NA,3,NA,4,4,3,4,3,NA,NA,4,4,4,3,NA,4,4,3,4,4,3,3,4,3,NA,3,3,4,3,3,3,3,3,4,3,4,4,NA,4,4,NA,3,3,3,2,3,3,3,NA,4,3,3,NA,NA,NA,4,3,4,3,NA,3,NA,3,4,3,3,3,4,3,3,4,4,3,4,4,4,3,3
"192","00192",37,"F","White","USA",NA,NA,3,3,3,3,NA,4,NA,NA,3,3,2,3,2,3,2,3,3,3,3,3,3,3,3,3,3,3,3,2,3,3,3,NA,3,3,2,3,3,3,NA,3,3,3,3,3,2,3,NA,NA,NA,3,2,3,NA,3,3,3,3,3,3,NA,2,3,2,NA,3,NA,2,3,NA,3,3,3,3,3,3,3,2,3,3,3,3,3,3,3,NA,3,NA,3,3,3,3,3,NA,2,2,3,NA,3
"193","00193",57,"F","White","Australia",4,4,3,4,4,4,3,3,4,3,3,4,4,NA,4,4,NA,4,3,3,NA,3,NA,4,3,3,3,3,3,4,4,4,NA,3,4,3,4,NA,4,NA,3,NA,4,4,4,3,3,3,NA,3,4,NA,4,4,4,4,3,4,NA,NA,4,3,4,3,4,3,NA,3,NA,4,NA,4,4,4,5,4,4,4,3,3,NA,4,3,NA,4,3,3,3,NA,3,4,4,3,3,3,4,4,NA,3,4
"194","00194",55,"F","Hispanic","UK",NA,3,4,NA,3,2,4,NA,4,3,4,4,2,NA,4,4,3,4,3,4,3,4,2,2,3,NA,3,3,3,NA,3,4,5,4,NA,3,3,3,3,4,NA,4,3,3,3,NA,3,3,3,4,NA,4,3,2,3,4,NA,4,NA,NA,NA,4,NA,4,3,3,2,3,NA,NA,3,NA,3,3,4,NA,NA,3,3,3,3,NA,4,3,4,4,3,2,NA,4,NA,4,3,4,3,2,NA,4,4,4
"195","00195",18,"M","White","Germany",4,3,NA,3,3,3,3,3,2,3,2,3,3,3,NA,2,3,3,3,2,3,2,3,2,3,2,3,3,NA,NA,3,3,3,2,3,3,3,3,3,NA,3,3,3,3,3,3,3,NA,3,3,3,3,3,3,3,3,NA,NA,3,3,3,3,3,3,3,3,3,NA,3,2,3,3,3,3,2,3,4,3,3,3,3,3,3,NA,3,3,2,4,3,3,4,3,3,2,NA,2,3,3,3,3
"196","00196",51,"F","Hispanic","Canada",3,NA,2,3,3,3,3,NA,NA,NA,3,NA,2,3,3,3,3,3,3,3,2,3,3,2,2,2,2,3,3,2,3,2,3,3,2,3,NA,3,3,2,3,NA,2,NA,3,NA,2,2,2,3,3,3,3,2,3,4,3,3,2,2,3,3,NA,NA,3,3,NA,3,2,3,4,2,2,3,3,3,2,2,2,3,3,NA,3,4,3,NA,3,NA,3,2,3,3,3,3,2,2,2,3,3,3
"197","00197",39,"M","White","China",3,2,2,3,2,2,NA,3,NA,3,2,3,3,3,3,3,3,3,2,2,NA,3,3,3,2,3,3,3,3,2,2,2,NA,3,3,NA,3,3,2,2,NA,3,3,2,3,2,2,3,3,NA,3,3,3,2,3,3,3,NA,3,2,3,3,NA,3,3,3,2,3,3,3,NA,2,3,3,3,2,2,2,2,3,NA,2,3,3,3,3,3,3,NA,2,3,3,3,3,3,2,3,3,2,2
"198","00198",33,"M","Hispanic","USA",4,NA,3,4,3,4,4,4,NA,4,3,4,4,3,4,3,NA,3,4,4,4,3,4,4,4,3,4,4,4,4,4,3,3,3,3,3,4,4,5,4,4,4,3,3,NA,4,3,NA,3,4,4,3,4,4,4,NA,3,3,NA,3,3,3,4,4,4,3,3,4,4,4,4,4,4,4,4,4,3,4,4,4,4,3,4,4,3,3,3,4,3,3,4,3,4,3,3,3,3,4,4,3
"199","00199",18,"F","Black","Australia",3,4,4,3,3,4,3,3,4,3,NA,5,3,4,4,4,NA,NA,3,4,3,NA,3,3,3,4,3,NA,3,NA,3,4,4,4,4,3,NA,3,3,3,2,4,NA,4,3,4,3,3,3,NA,3,3,3,3,4,4,NA,4,3,3,4,4,4,3,4,NA,NA,3,4,3,NA,3,4,3,NA,3,2,3,3,NA,2,3,4,4,NA,3,3,3,3,4,3,4,3,4,3,3,4,3,3,NA
"200","00200",35,"F","Hispanic","USA",2,2,1,3,2,3,3,3,NA,NA,NA,2,NA,2,2,2,NA,3,2,2,3,2,NA,2,3,2,2,2,NA,2,2,NA,NA,2,3,3,2,3,3,3,3,3,2,2,NA,3,2,2,2,2,2,3,2,NA,NA,3,3,2,3,3,3,NA,NA,3,2,3,2,NA,2,2,2,3,2,4,2,3,2,2,2,3,3,NA,2,2,3,3,3,2,2,NA,2,3,3,2,2,2,2,NA,NA,NA
"201","00201",18,"F","White","Australia",4,3,3,4,2,NA,4,4,3,3,3,3,NA,3,3,3,3,2,4,NA,3,3,3,3,4,3,3,4,4,3,3,2,3,3,3,3,3,3,NA,NA,4,4,3,3,4,3,2,3,4,4,4,3,NA,NA,NA,3,3,3,3,3,3,3,NA,NA,NA,3,3,3,3,3,NA,4,3,3,NA,3,3,3,3,3,NA,3,3,4,NA,3,2,3,NA,3,NA,NA,4,2,NA,3,3,3,4,NA
"202","00202",40,"F","White","USA",2,2,2,3,2,2,2,3,3,2,3,3,2,2,2,3,2,2,2,NA,2,3,NA,2,2,3,2,3,2,2,1,2,3,2,2,2,2,NA,2,2,NA,4,2,2,2,2,2,2,3,2,3,2,2,2,3,2,3,2,2,2,NA,3,2,2,2,3,2,2,2,2,NA,NA,2,2,NA,2,2,NA,1,NA,2,2,NA,2,2,3,2,3,2,3,2,2,3,3,2,2,2,2,3,2
"203","00203",18,"F","Hispanic","Brazil",3,3,3,3,NA,3,3,3,3,3,3,3,4,NA,3,3,3,NA,4,3,3,3,NA,3,NA,3,NA,4,3,4,3,3,NA,3,4,3,3,3,4,4,3,NA,3,NA,3,3,2,3,3,3,4,NA,4,4,3,NA,3,3,3,3,3,3,3,3,4,3,3,3,4,4,4,3,4,4,4,4,NA,3,3,3,NA,NA,3,3,4,3,4,3,4,4,3,4,4,2,3,3,4,3,3,3
"204","00204",21,"M","White","UK",2,NA,3,2,NA,2,2,3,3,2,3,2,3,2,2,NA,2,NA,2,2,NA,3,2,2,2,2,2,NA,NA,2,2,2,3,2,3,2,2,2,2,NA,2,2,2,2,NA,2,3,2,NA,2,2,NA,NA,2,NA,3,3,2,NA,1,3,NA,NA,2,2,2,2,3,2,3,NA,2,3,2,2,2,3,2,1,2,2,2,3,2,2,2,2,2,NA,2,3,2,2,2,2,1,3,2,3,2
"205","00205",37,"M","White","China",2,NA,2,3,2,2,2,2,3,2,NA,2,2,2,2,NA,2,2,2,2,2,2,2,2,2,2,2,NA,NA,NA,NA,NA,3,2,2,2,3,1,2,2,NA,3,2,3,2,2,2,2,2,NA,2,2,2,2,2,2,2,3,2,NA,NA,2,2,2,NA,2,2,3,NA,2,2,NA,NA,3,3,2,2,3,1,2,2,2,3,2,2,3,2,NA,2,2,3,3,2,NA,2,2,2,3,2,3
"206","00206",38,"F","Hispanic","Canada",2,2,2,3,3,3,NA,3,3,2,3,3,2,3,2,NA,2,2,NA,3,2,2,2,1,NA,NA,2,3,3,2,2,2,4,NA,2,3,3,3,NA,3,3,3,2,2,2,3,NA,3,2,3,2,3,2,2,2,3,3,2,3,3,3,3,2,3,2,3,2,3,NA,3,3,NA,2,3,2,3,3,NA,NA,NA,3,NA,3,3,3,4,NA,3,3,2,NA,3,3,2,2,2,NA,3,3,3
"207","00207",18,"F","White","Canada",2,3,2,3,2,3,3,3,3,NA,3,3,3,3,3,3,NA,NA,3,2,3,NA,3,2,2,3,3,3,3,3,2,NA,3,3,3,2,3,3,2,3,2,3,3,3,3,3,3,2,3,NA,NA,NA,3,3,3,3,NA,2,2,3,3,3,3,3,3,3,2,3,3,2,NA,2,3,NA,3,3,2,3,2,NA,2,3,3,3,NA,2,2,3,2,3,NA,3,2,2,NA,NA,3,2,3,NA
"208","00208",34,"M","White","Brazil",2,2,NA,2,1,2,1,3,2,NA,NA,2,NA,2,2,2,2,3,2,1,NA,3,2,2,1,3,2,2,2,3,2,2,2,2,2,1,2,1,2,1,2,2,NA,2,3,2,2,2,3,2,NA,1,2,3,3,2,2,2,NA,1,3,1,3,2,2,2,2,2,3,NA,3,1,2,2,NA,2,2,2,1,1,1,3,2,NA,2,2,2,2,2,2,2,2,2,NA,3,2,NA,2,2,NA
"209","00209",18,"M","White","India",3,3,NA,NA,3,3,2,3,4,3,NA,3,4,3,3,3,3,3,3,3,3,3,NA,3,3,3,NA,3,3,4,3,3,3,3,3,3,3,3,3,3,3,3,3,4,3,3,NA,3,3,3,3,3,4,NA,3,4,NA,3,3,3,3,3,3,3,3,2,NA,3,3,NA,3,3,3,3,4,3,3,4,3,3,3,3,4,3,3,3,3,3,NA,3,3,4,NA,4,3,3,4,3,3,3
"210","00210",18,"F","White","Brazil",4,4,4,NA,4,3,4,4,NA,3,4,4,3,4,4,4,4,NA,4,4,3,3,3,3,4,3,4,4,NA,3,4,4,4,3,4,4,4,4,4,4,4,5,3,4,4,NA,3,4,3,4,3,4,3,NA,4,5,4,4,4,NA,4,4,3,4,4,4,NA,4,3,4,4,4,4,NA,4,NA,NA,4,NA,4,4,3,4,4,4,NA,4,4,NA,3,NA,5,4,4,NA,NA,4,4,4,3
"211","00211",33,"F","White","South Africa",NA,3,4,3,NA,NA,3,2,4,3,3,4,3,4,4,4,NA,4,NA,4,3,NA,NA,NA,2,4,3,NA,3,3,3,3,4,NA,NA,2,3,2,3,3,3,3,NA,4,3,NA,3,3,3,2,3,3,3,3,3,3,4,3,3,3,4,NA,3,2,3,3,3,3,4,3,4,3,3,3,4,4,2,3,3,3,2,NA,3,3,4,3,4,2,3,3,4,4,3,4,3,3,3,NA,3,3
"212","00212",27,"F","Black","Japan",4,4,4,5,4,4,4,4,5,NA,4,4,4,5,4,4,4,NA,4,4,4,4,4,4,4,4,4,3,4,NA,4,NA,NA,4,4,4,4,4,4,4,NA,4,4,NA,4,4,3,4,4,4,4,4,4,4,5,5,NA,4,5,5,4,4,4,4,5,4,4,NA,4,4,4,5,5,5,4,4,4,5,4,NA,NA,4,4,5,4,NA,4,NA,4,4,5,5,4,NA,NA,NA,4,NA,NA,NA
"213","00213",44,"M","White","Canada",3,2,3,3,2,3,3,3,3,2,NA,2,3,3,3,NA,2,2,2,3,3,3,3,2,2,3,3,2,3,3,NA,2,2,3,3,3,3,3,3,3,3,4,2,3,3,NA,2,3,3,2,3,NA,3,3,3,3,NA,3,3,NA,NA,2,2,3,3,2,3,3,3,3,3,3,3,4,2,NA,3,4,3,3,3,2,3,3,NA,3,3,3,2,3,3,3,NA,2,3,NA,3,3,NA,3
"214","00214",34,"F","Asian","India",2,3,2,3,NA,3,4,2,3,2,4,3,2,3,3,3,2,3,2,NA,3,3,NA,3,3,3,3,2,3,2,3,3,3,3,3,3,3,3,3,3,3,3,2,3,2,3,2,NA,2,3,2,3,2,2,3,4,3,3,NA,4,3,3,NA,NA,2,2,3,3,3,NA,3,3,2,3,3,3,2,3,2,NA,3,2,3,3,3,4,3,2,3,2,3,4,4,4,NA,2,NA,4,3,3
"215","00215",18,"F","White","USA",3,3,3,2,3,3,4,NA,3,3,3,3,3,3,3,3,2,2,3,3,3,3,3,3,2,2,NA,3,3,3,3,3,3,2,2,3,3,NA,3,3,4,NA,NA,NA,3,3,2,NA,NA,3,NA,4,3,2,3,3,3,3,3,3,3,3,3,3,2,3,3,3,3,3,3,3,3,4,3,3,2,3,3,3,3,2,3,3,4,3,2,3,3,3,3,3,4,2,3,2,2,3,3,3
"216","00216",18,"M","White","USA",2,NA,3,3,NA,2,3,3,3,2,2,3,2,NA,3,NA,3,3,2,3,NA,3,2,2,2,3,2,2,3,3,3,NA,4,3,3,NA,2,3,NA,2,2,4,2,2,2,3,2,2,2,3,2,3,2,2,NA,3,3,3,3,3,4,3,3,2,2,NA,NA,3,3,3,3,3,NA,3,NA,3,2,NA,2,NA,3,2,NA,NA,NA,4,NA,NA,3,3,3,3,3,3,2,2,3,3,NA,2
"217","00217",25,"F","White","USA",3,3,3,4,4,3,NA,3,NA,4,4,4,NA,4,4,4,4,3,3,4,4,4,3,3,4,NA,4,4,NA,3,3,3,4,3,4,NA,4,4,NA,4,4,4,4,3,3,4,3,3,3,4,3,4,3,3,4,NA,4,4,3,3,4,4,4,3,3,4,3,4,3,3,4,3,NA,4,3,3,3,4,3,4,3,3,NA,4,4,4,4,3,3,4,3,NA,4,NA,NA,3,NA,4,NA,3
"218","00218",38,"M","White","Germany",NA,3,NA,3,3,NA,3,3,NA,NA,3,3,NA,3,3,2,2,3,3,3,2,3,3,2,NA,3,3,NA,2,3,3,3,3,3,3,3,3,NA,3,3,NA,2,2,3,3,2,2,3,3,3,3,3,3,3,2,3,3,3,3,3,2,NA,3,3,3,2,3,3,3,3,3,3,3,4,3,3,3,NA,3,3,3,2,3,3,3,3,NA,2,3,3,NA,3,3,3,3,4,3,3,3,2
"219","00219",50,"M","Black","Japan",3,3,3,3,NA,NA,3,4,NA,3,2,3,NA,3,3,3,3,3,3,NA,3,3,3,2,NA,3,NA,4,NA,3,NA,3,3,3,3,3,3,3,3,3,3,3,3,3,NA,3,NA,NA,3,3,3,4,3,3,3,3,3,3,3,3,4,3,3,3,3,3,2,4,3,NA,NA,NA,4,3,3,3,2,3,NA,3,3,3,4,NA,3,3,NA,4,2,3,4,3,NA,NA,3,2,3,3,4,3
"220","00220",25,"F","White","China",4,4,3,3,3,4,3,4,4,3,NA,3,3,3,3,3,3,4,3,3,3,4,3,3,4,3,NA,3,NA,3,4,3,4,NA,4,3,3,4,4,4,3,4,4,4,4,4,3,NA,NA,4,3,NA,3,4,NA,4,3,3,4,3,4,4,3,4,3,4,NA,NA,4,NA,4,4,4,4,4,4,NA,4,4,4,NA,3,NA,4,4,NA,3,NA,4,3,4,4,4,4,NA,4,4,4,4,3
"221","00221",24,"F","White","Australia",4,4,4,4,NA,4,NA,4,4,4,5,3,4,4,4,NA,NA,4,4,5,4,4,4,3,NA,4,4,3,4,3,4,4,4,4,4,4,5,NA,5,5,4,5,3,4,4,5,3,NA,4,NA,4,4,NA,3,4,5,NA,5,4,5,4,4,NA,4,4,NA,3,5,4,NA,5,4,4,5,4,4,4,4,4,4,4,4,4,4,4,NA,4,3,4,4,3,NA,5,5,3,4,5,4,4,4
"222","00222",37,"M","White","Canada",NA,3,NA,3,2,3,3,2,3,2,3,3,3,NA,2,2,2,3,2,3,2,3,2,2,3,NA,3,3,2,2,2,3,3,2,3,2,2,NA,3,NA,NA,3,2,NA,2,3,NA,2,NA,3,3,3,NA,2,2,4,3,3,NA,3,3,3,2,3,2,2,3,2,2,3,3,3,2,3,2,3,3,2,2,3,3,2,3,3,3,NA,2,2,3,2,2,3,3,2,3,3,3,3,3,2
"223","00223",41,"F","White","USA",3,3,3,NA,3,3,3,3,3,2,4,3,NA,NA,3,3,3,3,3,3,2,3,NA,3,3,NA,4,3,3,2,3,3,3,3,3,3,3,3,3,3,3,4,3,NA,3,3,3,3,NA,3,3,3,3,NA,3,3,3,3,3,3,3,3,3,2,NA,NA,2,3,3,NA,NA,3,3,3,3,3,NA,3,NA,4,3,3,NA,NA,3,3,3,3,3,3,3,4,3,3,3,3,4,3,NA,NA
"224","00224",20,"F","Black","Canada",2,1,NA,2,1,2,3,3,3,2,3,3,2,2,NA,3,2,1,2,2,2,3,NA,2,2,2,2,3,2,2,NA,2,3,3,2,1,2,2,NA,2,3,3,1,2,2,3,2,2,2,2,2,3,2,1,2,3,3,NA,2,2,3,3,2,3,2,2,NA,2,2,1,2,2,NA,2,2,2,2,2,2,2,2,2,2,2,2,3,1,3,NA,2,NA,3,3,3,2,2,NA,3,2,NA
"225","00225",18,"F","White","Japan",3,3,3,NA,4,4,3,3,3,3,NA,3,3,3,3,3,NA,4,3,3,NA,3,NA,3,3,3,4,3,3,3,3,NA,3,4,4,3,3,3,4,3,NA,4,3,4,4,4,4,4,3,4,4,3,3,4,NA,4,4,3,4,4,NA,3,NA,3,3,3,3,NA,4,4,3,4,3,3,4,4,4,4,4,NA,4,NA,3,3,4,3,3,3,3,3,4,NA,4,4,4,3,NA,4,3,3
"226","00226",59,"F","White","Brazil",NA,2,2,2,3,3,2,3,3,3,2,3,3,2,NA,NA,2,3,2,3,2,NA,3,2,2,2,2,2,3,NA,NA,2,2,2,3,2,2,3,2,2,3,4,2,2,NA,2,2,2,3,NA,2,3,2,3,3,2,2,2,2,2,NA,2,2,2,NA,2,2,2,2,2,2,3,2,3,2,3,2,3,2,3,3,2,NA,2,2,NA,2,2,2,2,3,2,NA,2,2,2,2,2,3,2
"227","00227",18,"M","White","Canada",2,3,3,4,3,3,3,2,3,3,NA,NA,3,3,NA,NA,NA,NA,2,3,3,3,3,2,NA,3,3,3,2,NA,3,3,4,NA,3,2,3,3,3,3,2,3,3,3,NA,3,3,3,2,3,3,NA,3,2,2,3,3,4,NA,3,NA,NA,NA,2,3,2,NA,3,3,3,3,3,3,3,4,3,4,3,NA,3,3,2,3,3,NA,4,NA,3,3,NA,3,3,3,NA,3,NA,3,3,3,3
"228","00228",18,"F","White","Brazil",3,3,4,NA,3,NA,3,NA,4,NA,3,3,3,3,3,3,3,4,3,3,3,3,NA,2,NA,3,3,3,4,4,3,NA,4,3,4,3,NA,NA,4,4,4,3,3,4,4,3,3,4,3,3,NA,3,3,4,3,4,4,NA,4,NA,3,NA,4,3,3,NA,3,NA,3,4,4,4,NA,3,3,4,3,4,4,3,NA,3,3,4,4,NA,3,4,4,2,4,4,4,3,3,NA,4,4,3,3
"229","00229",54,"F","White","USA",3,3,3,3,3,3,3,NA,3,3,3,3,3,3,3,3,3,2,2,3,3,3,3,3,3,2,NA,3,3,3,3,3,3,3,3,3,NA,3,4,2,3,4,3,4,3,3,3,3,3,3,2,3,2,NA,NA,NA,3,3,3,3,NA,3,3,3,3,3,3,3,3,3,3,3,3,4,NA,NA,3,3,3,3,3,3,3,3,3,3,3,3,3,NA,3,3,NA,3,2,3,3,4,3,3
"230","00230",19,"F","White","India",NA,2,2,2,3,2,NA,3,3,2,2,3,NA,3,NA,NA,3,2,2,2,2,3,3,2,2,2,2,2,NA,3,2,2,3,2,3,2,3,2,2,NA,2,3,2,NA,NA,2,2,2,NA,2,2,2,3,2,3,2,3,3,NA,3,3,2,NA,2,3,2,2,2,2,3,3,2,NA,3,2,3,2,1,2,2,2,2,3,2,3,3,2,2,2,2,NA,3,2,2,2,2,3,3,NA,NA
"231","00231",33,"F","White","India",2,3,3,3,3,3,2,2,3,2,3,NA,3,3,2,3,3,3,2,NA,2,3,3,2,2,3,3,3,3,NA,NA,3,NA,4,3,2,3,2,NA,2,2,3,NA,3,2,3,3,2,2,NA,2,3,NA,3,3,NA,NA,3,3,2,3,NA,2,2,3,2,2,3,3,3,3,3,NA,3,3,3,3,2,2,NA,NA,2,4,3,3,3,3,2,3,2,3,3,3,NA,3,3,3,2,NA,4
"232","00232",44,"F","Other","Brazil",3,3,3,4,NA,3,3,3,4,4,3,3,3,4,3,3,3,NA,2,3,NA,3,3,3,3,3,NA,3,3,3,NA,3,NA,4,4,3,NA,3,3,3,2,3,3,4,3,4,3,3,3,3,4,3,NA,NA,3,4,3,4,3,3,NA,3,3,3,3,3,NA,3,4,3,4,3,4,3,3,NA,3,3,3,3,3,3,NA,3,3,3,3,3,3,3,4,NA,NA,NA,3,2,3,NA,NA,4
"233","00233",46,"F","Hispanic","Brazil",3,3,3,NA,3,3,3,NA,3,3,3,3,3,3,3,NA,3,3,NA,3,3,3,3,3,3,3,3,2,3,3,3,3,4,3,3,3,NA,3,3,3,3,4,3,4,3,3,NA,NA,3,3,3,NA,2,3,3,4,3,3,3,4,3,3,NA,NA,3,NA,2,NA,4,3,3,NA,3,NA,3,NA,4,4,3,NA,NA,3,4,3,3,3,NA,2,3,3,3,4,NA,3,3,3,3,NA,3,3
"234","00234",18,"F","Black","UK",3,3,3,NA,3,3,3,2,3,3,3,4,2,4,NA,3,3,3,2,3,2,3,3,2,2,3,2,NA,3,3,3,3,NA,3,NA,3,3,2,3,NA,2,NA,NA,3,3,3,3,NA,3,3,3,3,3,2,NA,NA,3,3,3,NA,NA,4,3,3,3,3,2,3,3,3,3,2,3,2,NA,3,2,3,NA,3,2,2,4,3,3,4,3,2,3,3,3,4,NA,3,3,2,2,3,3,NA
"235","00235",19,"M","White","India",2,2,2,3,3,3,2,3,2,2,3,2,3,2,2,2,3,NA,3,NA,NA,NA,3,NA,2,1,2,2,2,3,3,2,3,2,3,2,3,3,3,NA,3,3,3,3,3,NA,3,3,2,2,NA,NA,2,3,2,3,2,3,3,3,2,3,NA,2,3,2,2,2,2,3,3,3,2,NA,3,NA,3,3,2,2,3,2,NA,3,NA,3,NA,2,3,2,2,3,NA,NA,3,3,3,NA,2,3
"236","00236",22,"F","Black","USA",4,4,4,4,3,4,4,4,4,4,3,4,NA,4,4,4,4,3,3,4,4,4,NA,NA,4,4,4,4,5,4,4,NA,NA,4,4,4,4,NA,4,4,4,4,4,4,4,4,NA,NA,4,4,4,4,4,4,5,4,4,4,3,4,4,4,NA,4,4,4,4,4,4,3,4,4,4,4,NA,4,4,4,4,4,4,4,4,5,3,4,3,4,4,4,4,4,4,4,4,3,NA,3,4,4
"237","00237",39,"F","White","USA",2,3,3,NA,3,3,2,2,4,3,2,3,3,3,3,3,2,NA,3,3,2,3,3,NA,2,3,2,2,2,3,NA,2,3,3,3,2,3,2,3,3,2,3,3,3,2,NA,3,2,3,2,3,NA,3,2,3,3,3,3,3,3,3,2,2,NA,NA,2,2,3,NA,3,3,3,3,3,3,3,NA,NA,2,2,2,2,3,2,3,NA,3,2,NA,2,NA,3,2,2,3,2,3,NA,2,NA
"238","00238",41,"F","White","Canada",NA,3,3,3,2,4,NA,4,4,4,NA,4,3,3,3,4,NA,3,4,4,3,4,3,3,3,4,4,5,4,3,3,3,NA,3,3,3,3,3,4,3,3,4,4,NA,4,3,3,3,4,4,4,3,NA,4,4,2,NA,3,3,2,4,4,4,3,3,4,3,3,4,3,3,3,NA,NA,3,3,3,4,3,3,3,4,4,3,3,4,2,4,3,3,4,NA,NA,3,4,3,NA,3,4,4
"239","00239",18,"F","White","USA",2,2,2,3,2,NA,2,2,3,2,2,NA,1,2,NA,3,2,NA,2,2,2,2,2,2,2,3,2,NA,2,2,2,NA,3,NA,2,2,2,2,NA,2,2,3,2,NA,2,2,3,NA,2,NA,2,2,NA,2,NA,2,2,2,2,2,3,2,2,2,2,2,NA,NA,2,2,NA,NA,3,2,3,2,2,2,1,2,2,2,3,2,NA,3,2,2,2,2,2,3,2,3,2,2,3,3,2,3
"240","00240",35,"F","White","Brazil",4,4,4,3,4,4,4,NA,4,4,4,NA,4,5,4,NA,4,4,4,4,4,4,4,NA,NA,4,4,4,4,3,4,4,4,4,NA,4,4,4,4,3,4,4,4,3,4,4,NA,NA,3,4,4,3,NA,4,4,4,4,NA,4,4,4,4,4,4,4,4,NA,3,4,4,4,NA,NA,NA,4,NA,4,4,3,4,4,4,4,4,4,4,3,4,3,4,4,4,4,3,4,NA,4,4,4,4
"241","00241",41,"M","White","UK",3,4,4,4,3,4,3,2,4,3,3,3,3,4,NA,NA,NA,4,3,3,3,4,3,3,NA,3,NA,3,3,3,3,NA,NA,NA,4,3,4,3,3,4,3,NA,3,4,3,4,4,3,3,3,NA,2,3,NA,3,NA,3,4,3,4,3,3,3,3,3,NA,NA,3,3,4,3,4,3,4,4,3,3,NA,3,3,3,3,3,4,3,3,NA,NA,4,3,NA,4,4,3,3,3,4,3,3,3
"242","00242",47,"F","White","UK",2,2,NA,2,2,2,2,2,3,2,2,NA,2,2,NA,2,2,NA,NA,2,2,NA,2,2,1,3,NA,2,2,NA,2,2,3,2,2,2,2,2,2,2,2,2,2,2,2,NA,1,1,2,2,NA,1,2,2,3,2,NA,2,2,2,NA,2,2,1,3,2,2,1,NA,2,2,1,2,2,3,2,3,2,1,2,2,2,3,2,2,2,3,2,2,NA,3,NA,2,NA,2,1,2,2,2,2
"243","00243",22,"F","Black","Japan",3,NA,2,2,2,NA,3,4,2,2,2,2,3,2,2,2,NA,NA,3,NA,2,NA,3,NA,3,NA,3,3,3,2,3,2,2,2,2,3,NA,3,3,2,3,3,2,3,3,2,2,3,3,NA,NA,3,3,3,3,NA,3,1,2,3,3,NA,2,2,2,2,3,3,3,3,3,3,3,3,3,3,3,4,3,NA,3,3,2,2,3,2,3,3,NA,3,2,2,3,2,3,3,3,3,3,3
"244","00244",18,"F","Other","China",4,3,3,3,3,3,2,3,3,3,3,3,NA,3,3,NA,3,3,4,2,3,3,3,3,3,3,3,2,3,NA,NA,NA,2,2,3,3,3,3,4,3,2,3,4,4,4,2,3,3,4,3,4,2,NA,3,4,3,3,NA,3,3,3,3,3,2,3,NA,3,3,4,3,4,3,4,4,4,NA,4,3,NA,3,3,4,3,3,3,3,3,3,3,NA,3,3,3,2,3,3,4,3,3,NA
"245","00245",34,"M","White","India",3,NA,3,NA,2,3,2,NA,2,3,2,3,3,3,3,3,3,3,3,3,3,3,3,2,2,3,3,3,3,3,2,2,3,NA,2,2,2,2,3,3,3,4,3,3,3,2,3,2,3,3,NA,3,2,2,3,NA,3,3,2,1,3,3,3,2,3,2,2,2,3,2,3,2,3,3,3,3,2,2,2,3,2,2,3,3,3,2,NA,3,2,4,3,NA,3,3,3,2,2,2,3,3
"246","00246",35,"F","White","Germany",4,4,4,5,4,4,4,3,4,3,4,4,4,3,4,3,4,NA,3,4,3,4,3,3,4,3,4,3,3,3,4,4,4,4,NA,3,4,4,4,3,NA,4,3,4,4,4,3,4,3,NA,4,3,3,4,NA,4,3,NA,4,4,3,3,3,4,3,3,5,4,4,NA,4,4,3,4,4,4,NA,NA,4,4,3,4,2,4,4,4,4,3,4,3,4,4,4,4,NA,4,4,3,NA,NA
"247","00247",32,"F","White","Brazil",4,4,4,4,4,3,4,3,4,3,4,NA,3,4,4,4,4,4,3,4,4,4,4,3,4,3,NA,NA,4,3,4,4,4,3,4,3,5,NA,4,4,4,4,3,4,3,4,4,3,3,4,4,4,NA,3,NA,4,4,4,4,4,NA,4,4,4,4,4,4,4,NA,4,5,NA,NA,NA,NA,3,NA,4,4,4,4,NA,4,4,NA,4,4,NA,4,NA,4,4,4,4,4,3,4,4,3,4
"248","00248",37,"F","Other","India",3,3,3,4,3,4,3,4,3,3,NA,3,3,4,3,3,3,3,4,4,3,3,3,4,3,4,3,3,3,4,3,3,4,4,4,3,4,3,4,4,3,4,3,3,4,4,3,NA,3,3,4,3,3,3,3,3,3,4,4,3,NA,4,3,3,NA,3,3,4,3,3,4,4,4,NA,4,4,4,4,4,4,4,3,3,4,4,4,3,3,3,NA,3,4,4,3,NA,4,4,4,NA,3
"249","00249",18,"F","Black","India",3,3,3,NA,NA,3,4,3,4,3,3,3,3,4,NA,NA,3,4,NA,NA,2,3,3,3,3,3,3,NA,3,3,3,NA,3,3,3,3,3,3,3,3,3,NA,3,3,3,3,4,3,3,NA,3,NA,3,3,3,3,3,3,4,4,3,NA,3,3,3,3,3,NA,3,3,3,3,3,NA,NA,4,3,3,3,3,3,3,3,3,NA,4,NA,3,NA,3,3,3,3,NA,3,3,NA,4,3,3
"250","00250",27,"M","White","USA",3,3,3,4,4,3,3,3,4,3,3,NA,3,4,3,3,3,3,3,3,3,3,3,2,3,3,4,3,3,3,NA,NA,NA,3,NA,3,NA,4,4,4,4,4,3,4,3,4,3,4,2,3,3,NA,3,3,3,4,3,4,4,4,3,4,2,3,NA,NA,4,4,3,4,4,3,NA,3,3,4,NA,3,3,3,NA,3,3,3,4,4,4,3,3,3,3,4,4,3,3,3,3,NA,3,NA
"251","00251",32,"F","White","UK",NA,4,3,NA,NA,4,3,4,NA,4,3,3,NA,3,3,3,4,3,4,3,4,3,4,4,3,2,3,NA,4,4,4,3,3,3,4,4,4,NA,5,3,4,4,4,4,4,4,3,4,4,4,4,NA,NA,4,4,4,3,3,3,3,3,NA,4,4,4,3,4,4,4,NA,3,NA,4,NA,NA,4,NA,3,4,NA,4,4,3,4,4,3,4,4,3,4,3,3,4,4,4,4,4,4,3,3
"252","00252",18,"F","White","Canada",1,2,2,2,2,2,2,2,2,NA,2,2,1,2,2,3,2,2,NA,NA,1,2,1,1,1,3,2,2,2,1,1,2,3,NA,2,1,2,2,1,2,2,NA,NA,2,1,2,2,2,1,2,2,2,NA,1,NA,NA,2,2,2,3,2,NA,1,2,2,1,2,2,2,2,3,2,1,NA,3,2,2,NA,1,2,2,1,2,NA,2,3,NA,1,NA,1,2,3,2,3,1,1,1,NA,1,2
"253","00253",47,"F","Black","South Africa",4,3,3,NA,3,4,3,4,3,3,3,4,3,3,3,3,3,3,4,3,3,4,4,NA,3,3,4,3,3,3,4,3,3,3,4,3,4,4,NA,4,NA,4,4,4,3,3,3,4,3,3,3,3,3,3,3,3,3,3,NA,4,3,4,3,3,3,3,3,4,4,4,NA,4,3,4,3,NA,3,3,3,4,NA,3,2,4,4,3,NA,3,3,3,3,3,4,3,3,3,NA,4,3,NA
"254","00254",36,"M","Other","Canada",3,3,3,4,NA,NA,4,2,4,3,4,3,2,4,NA,4,3,4,NA,4,3,3,3,NA,3,3,3,3,3,2,3,NA,3,3,3,3,3,3,3,NA,NA,NA,3,3,3,3,3,3,2,NA,3,4,3,NA,3,4,4,4,3,4,3,3,3,3,3,3,3,3,3,3,3,NA,3,3,4,3,2,NA,3,3,3,2,4,4,3,4,NA,2,4,3,4,NA,4,4,2,2,3,NA,NA,3
"255","00255",19,"F","Asian","South Africa",2,3,2,4,2,3,2,NA,3,2,2,2,3,3,2,3,2,2,NA,2,2,2,2,2,2,3,2,2,2,3,NA,2,2,2,NA,2,2,2,3,2,2,2,2,NA,2,NA,2,2,2,2,2,2,2,2,2,2,2,3,2,3,3,NA,2,NA,2,NA,2,2,3,2,NA,2,3,3,NA,3,3,3,2,2,2,2,3,2,2,2,NA,3,2,3,NA,3,2,3,2,NA,2,3,3,2
"256","00256",18,"F","Other","USA",NA,3,3,3,4,4,4,4,3,3,3,4,3,4,4,3,3,3,4,4,3,3,4,3,3,3,NA,4,4,3,NA,3,NA,3,4,4,4,3,4,4,NA,5,3,4,3,3,NA,3,3,4,NA,NA,NA,3,NA,4,4,4,NA,4,4,4,3,4,4,4,3,3,3,3,4,3,4,4,NA,4,4,3,3,4,4,3,NA,NA,4,4,4,3,3,4,4,4,4,4,3,3,3,NA,4,3
"257","00257",41,"F","White","UK",3,4,5,5,4,NA,NA,2,NA,3,4,4,3,4,NA,4,4,NA,3,NA,3,4,NA,3,NA,NA,3,3,3,4,3,4,4,NA,4,3,4,3,NA,4,3,3,3,4,3,4,4,4,3,3,4,3,3,4,NA,5,4,4,5,5,4,3,3,NA,3,NA,4,4,4,4,3,4,3,4,4,4,NA,4,3,4,NA,NA,NA,3,4,3,5,NA,4,3,3,4,3,4,3,NA,4,3,3,4
"258","00258",29,"F","White","UK",3,3,3,4,4,3,4,3,4,NA,4,4,3,4,4,4,3,4,3,5,4,NA,3,3,3,NA,3,4,4,2,3,3,4,4,4,3,4,4,NA,NA,3,NA,3,4,3,NA,NA,4,3,4,NA,4,3,3,4,4,4,4,3,3,4,4,3,4,NA,4,3,3,NA,NA,4,3,3,4,4,3,3,4,4,4,4,3,3,4,NA,NA,5,3,3,NA,4,4,4,4,3,NA,3,4,3,4
"259","00259",18,"F","White","UK",2,2,2,4,NA,3,4,3,3,3,3,3,2,3,2,3,NA,2,2,4,2,3,2,2,2,2,3,3,2,3,3,2,NA,NA,3,2,3,3,2,2,NA,3,3,3,3,3,NA,2,3,3,3,3,3,2,3,3,3,2,NA,3,NA,3,3,2,3,NA,3,2,3,2,3,3,3,3,3,3,2,3,2,2,2,3,3,3,3,NA,3,NA,2,3,3,3,NA,NA,3,NA,2,2,3,NA
"260","00260",18,"M","White","Brazil",3,3,3,3,3,NA,4,3,3,NA,4,4,3,4,3,4,4,3,2,4,4,4,3,2,3,3,4,3,3,3,NA,NA,4,3,3,3,3,3,3,NA,2,4,3,NA,3,3,3,3,3,3,NA,3,3,3,3,4,NA,4,NA,NA,4,3,3,2,3,3,3,NA,4,NA,NA,3,3,3,NA,3,4,3,NA,2,2,3,3,NA,4,4,3,2,3,3,NA,4,3,3,3,2,4,3,3,4
"261","00261",21,"M","White","Japan",3,3,4,4,3,3,3,NA,3,3,2,3,3,2,3,3,3,3,NA,3,3,3,3,3,3,NA,3,4,3,3,3,3,3,3,3,NA,3,2,3,2,3,3,3,3,NA,3,3,3,3,3,NA,2,4,3,3,3,NA,3,3,NA,4,3,NA,NA,3,2,3,3,4,3,3,3,3,3,4,3,3,3,3,NA,3,3,3,3,3,3,3,3,3,NA,3,3,2,2,NA,3,NA,2,3,3
"262","00262",40,"M","Asian","USA",3,3,2,NA,3,4,NA,3,3,NA,NA,3,4,3,3,2,3,3,3,3,3,3,3,3,NA,2,NA,3,3,3,3,3,3,2,3,3,3,3,3,2,3,NA,3,4,3,3,3,3,3,3,3,3,3,4,3,NA,3,NA,3,3,NA,3,3,NA,3,3,3,3,3,3,4,3,NA,3,3,4,3,3,3,3,3,3,3,3,3,NA,NA,3,3,3,2,3,4,2,3,3,4,3,3,3
"263","00263",18,"M","Black","Australia",3,3,3,3,3,3,3,2,3,3,2,2,3,3,3,3,3,3,2,NA,3,2,3,3,3,3,3,3,3,3,3,NA,3,3,3,2,3,3,3,3,NA,3,3,NA,3,2,3,NA,2,3,2,3,3,3,3,3,3,3,3,3,NA,NA,3,3,2,2,3,3,NA,3,2,3,3,3,3,3,3,4,3,2,3,NA,3,2,3,4,3,2,NA,2,3,4,NA,3,2,3,3,3,3,3
"264","00264",29,"M","White","USA",2,NA,3,3,2,3,3,2,3,2,3,NA,NA,NA,2,4,3,3,2,2,3,3,2,2,2,2,2,3,NA,2,2,NA,3,3,2,NA,2,3,3,3,2,3,2,NA,3,3,2,2,NA,3,2,3,2,2,3,3,3,3,3,NA,3,2,2,NA,2,2,2,3,2,2,3,3,2,3,3,2,3,NA,2,3,NA,2,3,3,NA,3,NA,NA,2,NA,NA,3,3,3,NA,NA,2,3,2,3
"265","00265",34,"F","Hispanic","USA",3,3,3,3,3,2,3,2,4,3,3,5,NA,4,NA,3,3,3,NA,3,3,NA,3,2,3,3,NA,3,3,3,3,3,3,3,NA,3,3,3,3,3,3,3,3,NA,3,NA,3,3,3,3,3,3,3,1,3,3,4,NA,3,4,NA,4,3,3,NA,3,3,3,3,2,2,3,3,NA,3,3,3,3,3,NA,2,3,3,3,3,3,3,3,3,3,4,3,2,3,3,3,3,3,3,4
"266","00266",21,"F","White","China",4,NA,4,4,4,3,4,NA,5,4,3,5,3,NA,NA,5,4,5,3,5,3,4,4,2,4,5,4,NA,4,3,NA,5,NA,5,NA,3,4,4,3,4,3,5,3,5,4,4,4,NA,3,4,4,NA,3,3,4,NA,NA,4,NA,4,4,5,4,4,4,NA,3,3,4,3,NA,4,4,3,4,4,NA,4,3,4,3,3,5,4,4,4,NA,NA,4,4,4,NA,NA,NA,4,4,4,4,3,NA
"267","00267",33,"F","Asian","Canada",3,4,NA,4,3,3,4,3,4,3,3,4,3,4,3,NA,3,3,3,3,4,4,3,3,3,4,3,3,3,3,3,NA,4,4,4,3,3,3,3,3,3,4,3,3,3,3,3,3,3,3,4,4,NA,3,3,4,4,3,3,NA,4,4,3,3,NA,4,4,NA,4,2,4,3,4,3,3,NA,3,4,2,3,3,3,4,3,3,3,3,3,4,3,4,4,3,4,NA,3,4,3,3,4
"268","00268",41,"M","White","Canada",3,4,NA,3,NA,3,3,NA,4,4,3,3,3,3,NA,4,3,3,NA,3,NA,3,3,3,NA,3,4,3,NA,3,3,3,3,3,3,3,3,3,NA,3,3,NA,3,NA,3,3,4,3,NA,3,4,3,3,NA,3,NA,2,3,3,3,4,3,NA,3,3,3,3,3,4,3,4,3,3,NA,NA,3,3,3,3,NA,2,3,3,3,3,3,4,3,3,3,4,3,3,3,NA,3,NA,4,3,4
"269","00269",18,"F","White","Brazil",3,2,2,NA,NA,2,2,NA,2,NA,2,3,2,2,2,NA,2,1,3,2,2,3,3,2,NA,2,1,3,3,2,1,2,3,NA,2,2,1,2,NA,3,3,2,2,1,3,2,2,NA,NA,NA,3,3,2,2,3,2,3,NA,1,NA,4,3,2,2,2,3,2,2,NA,2,3,2,3,2,2,NA,3,NA,2,2,2,2,3,3,NA,3,2,3,2,3,NA,1,3,2,3,NA,2,2,3,2
"270","00270",33,"M","Hispanic","Brazil",2,3,3,3,3,2,3,NA,NA,NA,3,3,2,NA,3,NA,4,3,3,4,3,3,3,3,2,4,3,4,NA,3,3,3,4,4,3,2,NA,3,3,2,3,4,NA,3,3,3,2,3,NA,3,3,3,NA,2,4,NA,3,3,2,3,NA,4,3,3,3,NA,NA,3,3,NA,3,3,4,NA,2,3,2,2,3,NA,NA,NA,4,4,3,4,3,NA,3,3,3,4,3,3,3,2,3,4,3,NA
"271","00271",22,"F","White","India",NA,3,3,4,3,NA,4,3,3,2,4,3,2,NA,3,3,3,4,NA,4,NA,3,3,NA,3,3,3,3,3,2,3,3,4,3,3,3,3,NA,4,3,3,4,2,3,2,4,3,3,2,3,3,NA,3,2,3,4,NA,NA,4,NA,4,NA,3,3,3,3,3,3,3,4,NA,3,3,NA,3,3,2,3,NA,3,4,2,3,3,4,4,NA,3,3,NA,3,4,4,3,2,NA,3,4,4,3
"272","00272",27,"M","Other","UK",3,3,4,3,3,3,3,3,3,3,3,3,3,3,NA,3,3,3,3,3,3,4,3,3,3,3,4,3,3,4,3,NA,3,NA,3,3,3,NA,3,3,NA,4,3,3,4,3,3,3,3,3,4,2,4,NA,4,NA,3,4,3,3,3,4,4,3,4,3,NA,3,4,4,3,3,3,3,4,4,4,3,NA,3,3,4,4,3,3,3,NA,3,3,NA,4,3,3,NA,3,3,NA,3,4,3
"273","00273",31,"F","White","UK",2,3,NA,NA,3,2,4,2,NA,3,3,4,2,4,3,3,3,4,2,3,3,NA,2,2,3,4,3,NA,3,3,3,3,4,4,4,2,4,3,3,3,2,3,3,3,3,NA,3,3,3,2,NA,2,3,2,3,4,4,NA,3,3,4,4,3,2,3,3,3,3,NA,3,4,2,3,3,4,NA,2,3,3,2,2,2,4,3,3,4,NA,NA,3,4,NA,4,3,4,3,2,NA,3,3,3
"274","00274",21,"M","White","China",4,4,4,4,3,4,4,3,4,4,3,4,3,NA,4,4,4,4,3,4,4,4,4,3,4,4,4,NA,4,4,4,4,4,4,4,NA,4,3,NA,4,NA,4,3,4,4,NA,4,4,3,4,NA,4,3,3,4,4,5,4,4,NA,4,4,4,4,4,NA,4,NA,4,4,4,4,4,4,5,4,4,3,3,4,4,3,4,5,4,4,4,3,NA,4,4,5,4,4,NA,3,NA,NA,NA,4
"275","00275",18,"M","White","USA",2,2,NA,3,2,2,3,1,NA,2,3,NA,NA,3,NA,2,1,3,1,2,1,2,2,1,1,NA,2,1,NA,1,2,2,3,NA,NA,2,2,2,2,2,3,4,1,3,1,NA,2,2,1,2,1,NA,NA,1,1,3,3,3,NA,3,3,2,1,2,2,2,1,2,2,2,3,2,2,NA,2,2,1,2,NA,2,3,1,2,2,3,4,NA,1,NA,2,2,3,2,2,1,2,2,3,2,2
"276","00276",18,"M","White","India",2,3,3,3,3,NA,NA,NA,3,3,3,3,3,3,2,4,3,3,2,3,3,3,NA,NA,3,3,3,3,2,3,3,3,NA,3,3,2,3,3,3,4,3,3,3,3,3,NA,NA,3,NA,2,3,2,3,3,3,NA,NA,3,3,3,3,NA,3,2,2,3,3,3,3,3,3,3,3,NA,3,3,3,NA,NA,3,2,3,3,2,3,NA,3,3,3,3,3,3,3,3,3,3,2,3,3,3
"277","00277",31,"F","White","UK",3,2,3,3,NA,3,3,4,3,2,2,3,3,3,3,3,3,3,3,3,2,3,2,NA,2,4,2,3,3,NA,2,3,NA,3,3,NA,3,3,3,2,3,4,2,NA,3,3,NA,2,3,3,3,NA,3,3,4,3,4,3,3,2,3,3,3,3,3,3,3,3,3,NA,3,2,3,3,3,NA,2,3,2,NA,3,3,3,3,2,3,2,3,2,3,3,3,3,3,2,3,2,3,3,2
"278","00278",18,"F","White","India",2,2,2,3,2,NA,NA,3,NA,3,1,3,1,3,NA,3,2,1,2,3,2,3,2,NA,2,3,2,3,3,2,2,2,NA,2,NA,2,2,2,NA,2,2,NA,2,2,NA,NA,2,2,2,2,2,NA,2,2,NA,1,3,1,2,1,3,3,2,2,2,2,NA,2,2,1,2,2,2,2,NA,2,2,2,1,NA,2,NA,NA,2,2,3,NA,3,2,NA,2,3,3,3,2,NA,1,3,3,2
"279","00279",29,"M","Asian","Brazil",3,NA,NA,4,3,NA,3,3,3,3,2,4,3,3,3,3,3,2,3,4,3,4,NA,NA,NA,3,3,4,3,3,NA,3,3,3,3,3,3,3,3,3,3,4,3,NA,3,3,2,3,3,3,3,3,3,3,4,4,3,3,3,3,3,3,3,3,3,3,NA,3,3,3,4,3,4,3,4,3,2,NA,3,NA,3,3,NA,3,3,NA,3,3,2,3,3,4,3,3,3,3,3,3,3,3
"280","00280",18,"F","White","Australia",NA,3,2,4,3,2,4,3,3,3,3,3,NA,3,3,3,2,4,3,3,3,3,3,3,3,3,3,2,3,2,3,3,3,3,3,3,3,NA,4,4,4,4,3,4,NA,3,3,3,NA,3,3,3,NA,3,2,4,4,3,4,4,3,3,3,3,3,2,3,NA,3,4,3,4,2,NA,NA,3,2,4,3,4,NA,2,NA,4,4,4,4,3,NA,2,2,4,4,NA,NA,3,3,NA,3,4
"281","00281",36,"F","White","USA",3,NA,3,3,NA,2,3,3,4,3,NA,NA,2,4,3,3,3,3,3,4,3,3,3,3,NA,3,3,NA,3,2,3,3,4,NA,3,3,3,3,3,3,2,4,3,3,3,3,2,3,2,3,2,3,3,1,NA,4,4,3,3,4,4,NA,3,NA,NA,NA,2,3,NA,3,NA,NA,3,3,3,3,2,3,2,NA,3,2,3,3,3,3,3,3,3,3,3,3,4,NA,3,NA,3,4,3,NA
"282","00282",22,"M","Black","USA",NA,2,1,2,2,2,2,2,1,NA,NA,1,NA,NA,NA,1,1,2,1,1,1,1,2,2,1,1,2,2,1,3,NA,1,1,1,2,1,2,2,3,2,2,2,2,2,NA,2,3,2,2,1,2,1,1,3,1,2,1,2,NA,NA,1,1,1,1,1,1,2,1,2,2,1,2,1,2,2,2,3,2,2,2,2,1,1,1,1,1,2,2,2,2,1,2,NA,1,2,2,2,2,1,1
"283","00283",23,"F","White","Canada",3,3,3,3,3,3,NA,3,4,3,3,3,3,3,NA,3,3,3,NA,3,NA,NA,3,2,3,3,3,3,3,3,3,3,4,3,3,NA,NA,3,NA,3,4,3,3,4,3,3,NA,3,3,3,3,3,3,3,3,3,3,3,3,2,3,3,3,3,3,3,3,3,3,3,4,3,NA,3,3,4,4,NA,3,3,3,3,4,3,3,3,3,3,3,3,3,3,NA,3,3,3,2,NA,3,3
"284","00284",18,"F","White","Australia",3,3,3,2,NA,3,NA,4,3,3,2,4,NA,3,3,NA,3,NA,3,3,3,3,3,2,2,3,3,4,NA,3,2,NA,4,3,NA,3,NA,3,3,3,3,3,3,2,3,3,2,2,3,3,3,2,NA,2,4,3,3,3,2,NA,4,3,NA,3,4,3,3,3,3,2,3,NA,4,2,3,2,NA,3,2,3,2,NA,NA,3,NA,2,2,3,3,NA,3,3,3,3,3,2,2,3,3,3
"285","00285",43,"M","White","USA",3,4,3,4,2,3,3,3,4,3,3,3,4,4,3,3,3,2,3,3,3,3,3,3,3,3,3,3,3,4,3,3,3,4,3,3,3,NA,3,NA,3,NA,3,3,3,3,3,3,3,4,4,3,3,3,3,3,3,3,3,3,4,3,3,3,3,3,3,NA,4,NA,3,3,3,3,3,3,3,3,NA,3,3,3,3,3,3,3,2,3,3,NA,3,4,3,3,3,3,3,NA,3,4
"286","00286",27,"F","White","Brazil",NA,NA,3,NA,3,2,3,2,3,3,3,3,2,3,3,4,2,NA,2,3,NA,3,2,2,2,3,2,3,3,3,2,3,NA,NA,3,2,3,2,2,3,2,3,2,3,2,3,3,NA,2,NA,3,NA,2,NA,2,3,3,3,3,3,3,3,2,2,3,2,NA,NA,3,NA,3,2,3,2,3,3,NA,3,3,2,2,1,3,2,3,3,3,1,3,2,3,NA,2,3,3,2,2,3,NA,3
"287","00287",35,"F","White","USA",2,2,2,2,1,2,NA,2,2,NA,3,2,2,3,2,3,2,2,2,3,2,3,2,2,2,NA,2,2,2,NA,1,NA,NA,NA,2,2,2,3,2,NA,NA,3,2,2,2,3,NA,2,2,3,NA,NA,2,2,3,3,3,2,2,3,4,NA,NA,2,2,2,1,2,2,2,2,2,2,2,NA,2,2,NA,NA,2,2,2,2,2,3,NA,2,3,2,2,2,3,3,2,2,2,NA,3,3,2
"288","00288",69,"M","White","Canada",3,4,4,5,4,4,4,3,4,4,3,4,3,4,4,4,4,5,NA,4,4,4,4,3,3,4,4,4,4,NA,4,4,4,4,4,4,4,4,4,4,3,5,4,4,4,4,3,4,4,4,4,4,3,4,4,5,4,4,4,NA,4,4,4,4,4,NA,4,4,4,4,4,3,4,4,4,4,3,4,4,NA,NA,4,4,NA,4,4,4,4,4,4,4,3,4,4,3,3,4,NA,4,NA
"289","00289",18,"M","Other","China",3,2,3,3,3,3,3,3,3,3,NA,3,3,NA,3,3,2,3,3,3,NA,3,3,2,3,3,NA,3,NA,NA,2,3,3,2,3,3,3,3,NA,3,3,3,3,3,3,3,2,3,3,3,NA,3,3,NA,3,3,2,3,NA,4,3,3,3,3,3,3,3,NA,3,3,3,3,NA,3,3,3,NA,3,3,3,NA,3,3,3,3,4,3,3,3,2,3,3,4,2,2,NA,3,4,3,NA
"290","00290",18,"F","White","USA",4,NA,4,4,3,4,3,4,4,4,4,4,4,4,4,4,4,4,4,4,4,4,4,3,NA,NA,NA,4,4,3,NA,3,4,4,4,4,4,4,4,5,4,5,4,4,4,4,4,NA,NA,4,3,NA,4,4,NA,5,4,4,4,4,4,4,4,4,4,3,3,4,4,5,4,4,4,4,4,4,NA,5,3,4,4,NA,4,4,4,3,4,3,4,4,4,4,NA,3,NA,3,5,4,NA,4
"291","00291",18,"F","White","China",NA,2,2,2,NA,3,3,3,3,2,3,3,3,3,2,2,2,2,2,2,NA,2,2,2,2,2,2,3,NA,2,2,2,3,3,2,NA,3,2,3,NA,2,3,NA,3,2,3,2,2,2,2,3,NA,2,3,2,3,3,2,NA,3,3,2,2,NA,3,2,2,3,2,2,3,NA,2,3,3,NA,2,2,2,2,2,2,3,2,2,NA,3,NA,2,2,NA,NA,NA,2,2,3,2,2,2,3
"292","00292",33,"F","Hispanic","USA",NA,2,2,3,NA,NA,2,2,NA,2,2,1,2,2,2,3,2,3,NA,2,2,2,2,2,2,2,2,2,2,3,2,2,NA,1,2,1,NA,2,3,2,2,2,3,3,NA,3,2,2,2,2,2,1,NA,3,2,3,2,NA,3,3,2,2,NA,2,2,1,2,3,3,3,2,2,2,2,3,NA,4,3,2,2,2,2,2,2,2,3,3,2,3,2,2,3,2,2,2,3,3,2,2,3
"293","00293",34,"F","White","USA",3,3,2,3,3,3,3,3,3,2,3,3,3,3,3,3,NA,2,NA,3,3,3,3,NA,3,3,3,3,3,2,3,2,3,4,3,3,NA,3,NA,3,3,4,3,NA,3,3,2,3,3,3,3,3,NA,2,3,4,NA,3,3,3,NA,4,3,NA,3,3,3,3,NA,3,3,NA,3,4,3,3,3,3,3,3,3,3,3,3,3,3,2,3,NA,3,3,NA,NA,3,3,3,3,4,3,3
"294","00294",18,"F","Asian","USA",3,3,3,4,3,2,4,3,NA,3,4,4,2,5,3,NA,3,4,2,4,NA,3,3,2,3,NA,4,3,NA,3,NA,3,4,4,4,3,4,NA,4,3,3,4,2,3,NA,4,3,3,2,3,2,4,2,2,3,4,4,3,4,4,4,4,NA,4,3,3,3,3,NA,NA,3,3,3,4,3,3,3,2,3,NA,3,2,4,3,4,4,3,3,4,2,4,4,4,4,2,3,3,4,3,3
"295","00295",25,"M","White","USA",1,2,3,3,3,2,2,2,2,NA,NA,3,2,2,2,3,NA,NA,2,3,2,2,2,2,2,2,2,NA,2,3,2,2,NA,2,3,1,2,2,3,2,2,2,2,2,2,3,NA,2,2,2,3,2,2,2,2,2,2,NA,2,2,3,3,2,1,NA,2,2,2,3,NA,3,2,2,2,3,3,2,2,2,1,2,NA,2,2,NA,3,3,2,2,NA,2,3,2,3,2,2,2,3,NA,2
"296","00296",35,"M","Hispanic","Brazil",3,4,4,5,3,4,4,2,4,3,3,4,3,4,3,4,3,4,3,4,3,4,3,3,NA,4,4,4,3,4,NA,NA,4,4,4,3,4,3,3,3,2,4,4,5,4,NA,4,3,3,3,4,3,4,3,4,4,4,NA,4,4,4,3,3,3,4,NA,4,4,5,3,NA,4,NA,NA,4,4,3,4,4,3,3,3,NA,3,4,4,5,3,4,3,4,4,3,4,NA,3,4,NA,3,4
"297","00297",18,"M","White","USA",NA,3,2,4,3,4,3,4,3,3,4,3,3,2,3,2,3,2,4,4,4,3,4,4,4,2,NA,4,4,3,3,NA,3,3,NA,4,NA,4,5,3,4,4,3,3,3,3,2,4,3,4,3,4,3,3,4,4,3,3,NA,4,3,3,3,4,3,3,3,NA,3,3,NA,4,4,5,2,4,3,3,3,NA,5,NA,2,4,3,4,3,4,3,NA,3,3,5,NA,3,4,4,4,4,3
"298","00298",18,"F","Hispanic","USA",2,2,2,3,2,2,1,3,2,2,1,3,2,NA,2,2,2,2,NA,2,NA,3,2,2,2,2,2,3,NA,2,NA,2,NA,3,2,1,NA,2,2,2,NA,3,2,2,2,2,2,2,NA,NA,2,2,2,NA,3,2,2,2,1,2,NA,2,2,2,2,2,2,2,2,2,2,2,3,2,2,NA,2,1,NA,2,2,2,3,2,2,2,1,3,2,3,2,2,2,NA,3,2,NA,1,NA,3
"299","00299",49,"F","Asian","India",2,NA,NA,3,NA,2,3,3,3,NA,3,3,NA,3,2,4,3,3,2,3,2,4,3,1,2,NA,2,3,3,2,2,3,4,3,2,1,3,3,1,NA,2,3,2,2,2,3,1,2,NA,2,2,2,2,NA,3,3,3,3,2,NA,4,NA,3,2,NA,3,3,2,3,1,3,2,3,NA,3,2,NA,NA,2,2,2,2,4,3,3,NA,2,3,2,3,3,3,2,3,2,2,2,3,3,3
"300","00300",51,"M","White","Canada",3,3,4,4,NA,3,3,3,3,3,3,4,3,4,3,4,3,3,3,NA,3,NA,4,3,3,4,3,3,3,3,3,4,4,3,4,3,3,3,3,3,NA,4,3,NA,3,4,4,3,3,3,NA,NA,3,2,4,4,4,4,3,3,4,3,3,3,3,3,2,NA,NA,3,3,3,3,3,NA,3,NA,3,3,3,3,3,4,3,3,3,3,2,3,3,3,NA,NA,NA,3,3,3,3,3,4
